,merchant_id
0,M_ID_e726bbae1e
1,M_ID_d2162ed113
2,M_ID_492cfa500c
3,M_ID_73487fed26
4,M_ID_7149162139
5,M_ID_a31332e0bc
6,M_ID_c9eb20f6f5
7,M_ID_c9855bf3e3
8,M_ID_c929bb59af
9,M_ID_7551d55443
10,M_ID_a8effe9197
11,M_ID_39643c7d93
12,M_ID_07930b58ae
13,M_ID_e16b20b50a
14,M_ID_0f0334c393
15,M_ID_2be211b847
16,M_ID_0fa16b39ed
17,M_ID_69618a786a
18,M_ID_3c87a47f6b
19,M_ID_c44ccc8110
20,M_ID_43265162a8
21,M_ID_f76aa241fd
22,M_ID_dd5589352a
23,M_ID_b694de6ca2
24,M_ID_2b68848488
25,M_ID_c5e6e7c15c
26,M_ID_68b8fce909
27,M_ID_0778abe435
28,M_ID_44384f4b59
29,M_ID_c0b712e11a
30,M_ID_0e70490eea
31,M_ID_7b2407c4d4
32,M_ID_cd16b2265b
33,M_ID_f90e1f9b80
34,M_ID_b9e79adfe3
35,M_ID_49ca2887d2
36,M_ID_64eacbe6fd
37,M_ID_7a9a715cf3
38,M_ID_1ccef7178b
39,M_ID_97c4b37e6d
40,M_ID_7092d34e7f
41,M_ID_2eb9354a1b
42,M_ID_7fe7b31e09
43,M_ID_0039220eb3
44,M_ID_6ea0c80423
45,M_ID_ed18577744
46,M_ID_aefa3ea8f7
47,M_ID_4edfa90eaf
48,M_ID_8097fc7aee
49,M_ID_299e4b8b37
50,M_ID_03f05b3ec0
51,M_ID_a804aab446
52,M_ID_b347514131
53,M_ID_e6bdf95616
54,M_ID_d322d19fb5
55,M_ID_89dfc9b72b
56,M_ID_ad3ce13eea
57,M_ID_b3bca565ef
58,M_ID_fea0d9b2ac
59,M_ID_1141fb5822
60,M_ID_03100ec23c
61,M_ID_42db44318b
62,M_ID_dcb7c3e148
63,M_ID_7ce96c351a
64,M_ID_ae5e117d23
65,M_ID_8f33c1de66
66,M_ID_398a22daed
67,M_ID_6051b573c3
68,M_ID_28e7b1d06f
69,M_ID_cf83779c05
70,M_ID_eaaf6af1bd
71,M_ID_ad1e5b3805
72,M_ID_46dd7bdeba
73,M_ID_98f0219bee
74,M_ID_ba33e2e733
75,M_ID_18a82894af
76,M_ID_092c522b7a
77,M_ID_2bc9663d62
78,M_ID_e81c770054
79,M_ID_2c80305304
80,M_ID_c6c904cc0b
81,M_ID_442360125e
82,M_ID_3eca5e08e0
83,M_ID_cb338d8dda
84,M_ID_6b7d407ba0
85,M_ID_200142679a
86,M_ID_050328f85e
87,M_ID_5cf3e3adda
88,M_ID_dbcefbccb9
89,M_ID_40500a7c6d
90,M_ID_8ed684464e
91,M_ID_7f96015303
92,M_ID_65eb7b041d
93,M_ID_65c8865e64
94,M_ID_ab4c2a4eaf
95,M_ID_e38556d784
96,M_ID_49c469535b
97,M_ID_d78e4b51c0
98,M_ID_a1b35844aa
99,M_ID_9ab39f4f41
100,M_ID_6ba9a5d713
101,M_ID_2cf4eb0d56
102,M_ID_9535783e78
103,M_ID_45721728b7
104,M_ID_bc45684e43
105,M_ID_5c58ee223a
106,M_ID_539c30264b
107,M_ID_e09b396110
108,M_ID_aaaf9138f1
109,M_ID_d673b7a08c
110,M_ID_38e9196044
111,M_ID_a8b09be7b2
112,M_ID_2139f8f55d
113,M_ID_1fdd50df24
114,M_ID_803b9a2723
115,M_ID_d4e8483cc5
116,M_ID_6b0822daae
117,M_ID_49024581e3
118,M_ID_83aad7192a
119,M_ID_e6ee032502
120,M_ID_ac73ef2703
121,M_ID_cd558a87be
122,M_ID_e3ff03819e
123,M_ID_c708c5bf31
124,M_ID_50c4e0c07a
125,M_ID_4bb798c462
126,M_ID_fe97f5f1fe
127,M_ID_8609fadaab
128,M_ID_60a8f0a6f0
129,M_ID_4e7f9fbac6
130,M_ID_f26bba4190
131,M_ID_1ef0746bf9
132,M_ID_f3ab914d51
133,M_ID_07a0c68b46
134,M_ID_0b534ebf34
135,M_ID_7609e4515d
136,M_ID_a03cf5ccff
137,M_ID_b5bd61a1f5
138,M_ID_27b1ad8ded
139,M_ID_3e66adec6a
140,M_ID_1dbbdba26e
141,M_ID_7024db7794
142,M_ID_6177f214fc
143,M_ID_21272f81b3
144,M_ID_02481484b7
145,M_ID_2218509b39
146,M_ID_995fff0b30
147,M_ID_4b103feb0d
148,M_ID_fe71f6396d
149,M_ID_7636f3f648
150,M_ID_d936ebf7bf
151,M_ID_5bb52f6ece
152,M_ID_588d8e55ed
153,M_ID_fc90919e1f
154,M_ID_48f6580dc3
155,M_ID_6366336854
156,M_ID_61955ebeff
157,M_ID_ac53c4d240
158,M_ID_96258d730e
159,M_ID_80a45f0b9b
160,M_ID_b797414f7c
161,M_ID_b895f852dc
162,M_ID_c8d451699d
163,M_ID_c7929e7139
164,M_ID_e0a8ae3c08
165,M_ID_60553e24fb
166,M_ID_9bc36dd8b8
167,M_ID_2d9091b12f
168,M_ID_b3528eff54
169,M_ID_b99c81b541
170,M_ID_b9a1d7d91d
171,M_ID_77b6dda010
172,M_ID_c7ef2dc8fd
173,M_ID_417705666f
174,M_ID_5fb3157105
175,M_ID_02bb881195
176,M_ID_8cb192581c
177,M_ID_59b62d7bcf
178,M_ID_27d2961f6d
179,M_ID_ab144ae337
180,M_ID_7bc59aae99
181,M_ID_515d53ff4e
182,M_ID_42b2210666
183,M_ID_282fd3c01d
184,M_ID_f111c383f9
185,M_ID_86a65f5607
186,M_ID_93a56dc92b
187,M_ID_fba07def82
188,M_ID_ec545cb175
189,M_ID_90278e5cb9
190,M_ID_3787eb8fdc
191,M_ID_04c0674fcc
192,M_ID_1f88c42cdf
193,M_ID_e076b22f05
194,M_ID_7832e4767e
195,M_ID_c145d95dc8
196,M_ID_09e13dea14
197,M_ID_f9128bb78f
198,M_ID_08a112bd29
199,M_ID_d91099d0be
200,M_ID_627cb7c534
201,M_ID_671d291af0
202,M_ID_894c981bc2
203,M_ID_5c2f4a9af8
204,M_ID_61bf8646ee
205,M_ID_98a742e041
206,M_ID_6062b67945
207,M_ID_262c3ad607
208,M_ID_5fab64263d
209,M_ID_6eda51ecde
210,M_ID_a6547983d4
211,M_ID_cc01916c4f
212,M_ID_24a01b9bed
213,M_ID_d4bf09941b
214,M_ID_91295761e2
215,M_ID_d4ceee2a22
216,M_ID_fc978385be
217,M_ID_14e6783978
218,M_ID_214c527133
219,M_ID_e05ab91ad6
220,M_ID_c60f2e16cc
221,M_ID_aa444acc45
222,M_ID_afe1fd6191
223,M_ID_7fdec15df1
224,M_ID_036428b9fc
225,M_ID_7b94c4a7e6
226,M_ID_bab507cd59
227,M_ID_c49a9f19e5
228,M_ID_178cf2d118
229,M_ID_e14a4a2d6a
230,M_ID_c16cf5b805
231,M_ID_ca76023994
232,M_ID_960601c01d
233,M_ID_8ae140a007
234,M_ID_edeccbca1e
235,M_ID_5c0fc47f9d
236,M_ID_26a5dfd4e7
237,M_ID_baba797434
238,M_ID_d437309bdd
239,M_ID_69c5b54d49
240,M_ID_8aef793eae
241,M_ID_638b3c1336
242,M_ID_f073a5876f
243,M_ID_7bfd35ed90
244,M_ID_073d57bc9a
245,M_ID_d096b30f61
246,M_ID_bd59fa0b94
247,M_ID_e4c0832aab
248,M_ID_c6c49a4c36
249,M_ID_c7b32bd41b
250,M_ID_0e9607e9bc
251,M_ID_cb4b4f1864
252,M_ID_45b7f0197e
253,M_ID_f3004e850e
254,M_ID_0111acb9eb
255,M_ID_41ea72ecf3
256,M_ID_fe388fb9c5
257,M_ID_6103868b3e
258,M_ID_1ec044c319
259,M_ID_249984f7f7
260,M_ID_4989a01b3a
261,M_ID_4e407a99ce
262,M_ID_0055a1cd4d
263,M_ID_c7e06e29a7
264,M_ID_2311feba28
265,M_ID_3c2fbf3146
266,M_ID_109a96062e
267,M_ID_94c76812e3
268,M_ID_580bd9e555
269,M_ID_d22d9056c0
270,M_ID_8eadb3e48a
271,M_ID_98869158cd
272,M_ID_d31467d9fc
273,M_ID_f696e9a6fb
274,M_ID_41ff3efa6d
275,M_ID_6edc053817
276,M_ID_733cc06868
277,M_ID_1d8be9f0b3
278,M_ID_ddcf310a18
279,M_ID_23e833ff24
280,M_ID_598f1ea332
281,M_ID_9eb9b0e4d4
282,M_ID_c3c358002a
283,M_ID_794d76dbf2
284,M_ID_a2eb81b3df
285,M_ID_105b8fbc72
286,M_ID_23f550ad32
287,M_ID_b4d0576a02
288,M_ID_ea8fa15f5e
289,M_ID_046ec15d51
290,M_ID_6cfdb825e0
291,M_ID_79ee6c50ce
292,M_ID_f577fa6a06
293,M_ID_9dce2d3df4
294,M_ID_3e70c95338
295,M_ID_af8bdc076c
296,M_ID_737168941c
297,M_ID_c409802ed8
298,M_ID_54c12cf10e
299,M_ID_150f3ba360
300,M_ID_46886e97ac
301,M_ID_eec7444152
302,M_ID_1e367a9879
303,M_ID_771c5d6ebc
304,M_ID_6118314e45
305,M_ID_1bb8a92937
306,M_ID_28d9c3b5a0
307,M_ID_d091b866ed
308,M_ID_ca6b5c58ea
309,M_ID_484a329aeb
310,M_ID_e516130e78
311,M_ID_4d14016999
312,M_ID_dc7bceeefa
313,M_ID_d0a554329d
314,M_ID_21b65967ce
315,M_ID_e8d506f76b
316,M_ID_8759c4da7c
317,M_ID_b4f6b67ecd
318,M_ID_a2cfe4149a
319,M_ID_955eadf342
320,M_ID_8a962f586f
321,M_ID_b0db72bf88
322,M_ID_1c0ea5d38b
323,M_ID_a083285503
324,M_ID_d25527e66e
325,M_ID_34344427d5
326,M_ID_cb18fe5134
327,M_ID_4fa94eae1b
328,M_ID_9457d5bd62
329,M_ID_741eaeb04b
330,M_ID_eee221e070
331,M_ID_40cfc4aa7b
332,M_ID_2435610329
333,M_ID_4e7d5464ab
334,M_ID_bccb5991da
335,M_ID_da3ddc25c6
336,M_ID_d45169323f
337,M_ID_5f70e038a3
338,M_ID_6916d68901
339,M_ID_3776838d96
340,M_ID_71f515e02b
341,M_ID_0dc05eec5e
342,M_ID_384f77d05f
343,M_ID_df7a21d146
344,M_ID_cb264ca3d8
345,M_ID_c388217e34
346,M_ID_6ebd052108
347,M_ID_6f7a3aebb1
348,M_ID_3742943073
349,M_ID_5e3eb78d66
350,M_ID_ffc0a6bc62
351,M_ID_e1b294a8b5
352,M_ID_6cc56daa53
353,M_ID_b4c19606dc
354,M_ID_8b4eb7edb7
355,M_ID_80aa52e066
356,M_ID_c11b65ecb9
357,M_ID_20b8413c8b
358,M_ID_ed33bc4810
359,M_ID_3e61ce0abf
360,M_ID_be61e202ad
361,M_ID_6336367868
362,M_ID_49565c1dae
363,M_ID_758e364c18
364,M_ID_3e38ab01f9
365,M_ID_7030143eb5
366,M_ID_91af571d32
367,M_ID_ab73318f3d
368,M_ID_ad407b64e5
369,M_ID_d2970b394f
370,M_ID_5290921db2
371,M_ID_bdcbf33cc7
372,M_ID_fc93d46819
373,M_ID_d537f58b49
374,M_ID_7dfabcdaa6
375,M_ID_e052c053cf
376,M_ID_48ea4c674a
377,M_ID_d52370cb1e
378,M_ID_be5e2ac3d1
379,M_ID_ec083460e6
380,M_ID_2ffa75a4da
381,M_ID_52dba020f7
382,M_ID_af5a7128a9
383,M_ID_8763efdb90
384,M_ID_be0a574083
385,M_ID_64a3979d13
386,M_ID_63c9c293ae
387,M_ID_eaeb1bd0a0
388,M_ID_4e659bdd7c
389,M_ID_343664a88d
390,M_ID_72a3d52893
391,M_ID_744be8ba4a
392,M_ID_ae05673a87
393,M_ID_bdff587e4e
394,M_ID_83465f276a
395,M_ID_2aa95c62f9
396,M_ID_47bda73c1a
397,M_ID_dc8b93b43a
398,M_ID_0b081481ce
399,M_ID_1447d59678
400,M_ID_d43ffda38b
401,M_ID_c1e897292f
402,M_ID_cb658e477a
403,M_ID_7bca489837
404,M_ID_02034192a5
405,M_ID_646f65a8e8
406,M_ID_e89e76a49f
407,M_ID_9eb1d24475
408,M_ID_fe94965c2d
409,M_ID_a2b7bb02ec
410,M_ID_96d7be81e2
411,M_ID_f191b7fd2d
412,M_ID_c0a2630fa7
413,M_ID_f61d4ab60f
414,M_ID_bd49e37dda
415,M_ID_bd49e37dda
416,M_ID_f019f57bb2
417,M_ID_4d67d7fcce
418,M_ID_f5717f9b44
419,M_ID_c9ab767433
420,M_ID_51a53c6de1
421,M_ID_b25b733530
422,M_ID_733b520f56
423,M_ID_fa1fee32a9
424,M_ID_26698b13fd
425,M_ID_e6ae5fd7dd
426,M_ID_5ea101fd54
427,M_ID_226c3d2255
428,M_ID_a792046dcb
429,M_ID_a1aa520678
430,M_ID_620e10b7ae
431,M_ID_c9e5b7e349
432,M_ID_cbd70544c9
433,M_ID_0916ea04b4
434,M_ID_cb767d1276
435,M_ID_27ba9ec400
436,M_ID_84cdbed2e7
437,M_ID_e1291744f6
438,M_ID_74d83fd9f6
439,M_ID_894babad14
440,M_ID_3783d859be
441,M_ID_ad34e353a8
442,M_ID_c249075fa5
443,M_ID_35c08b1eea
444,M_ID_79a22e16b6
445,M_ID_28d22363d2
446,M_ID_b67f913849
447,M_ID_407333bea3
448,M_ID_f58aa856ab
449,M_ID_ad4053854c
450,M_ID_6327f0b0be
451,M_ID_943502bf7c
452,M_ID_bbf1ce9db5
453,M_ID_5fc1b1aa20
454,M_ID_35ebf19345
455,M_ID_ec853d9b76
456,M_ID_6441dcd1fc
457,M_ID_177d86ee64
458,M_ID_1744387742
459,M_ID_0c98d1cb36
460,M_ID_5a6f7f98d9
461,M_ID_d8e7d0d6bb
462,M_ID_5a39470897
463,M_ID_824f8b0e2b
464,M_ID_3c7e3dc421
465,M_ID_568bb2b9ed
466,M_ID_82a6895b50
467,M_ID_cbc1976cdb
468,M_ID_e0565c1d6c
469,M_ID_7cb564328f
470,M_ID_163296b5a8
471,M_ID_31ec0f0140
472,M_ID_13c92ae30c
473,M_ID_8335dcc143
474,M_ID_43809044b9
475,M_ID_016a941378
476,M_ID_e589fa46b4
477,M_ID_5b2b33397f
478,M_ID_f109830226
479,M_ID_b519c7ad66
480,M_ID_e82322a076
481,M_ID_5431a533ba
482,M_ID_eaabb60946
483,M_ID_95aea8938b
484,M_ID_c29919ad2c
485,M_ID_26d1381fac
486,M_ID_d140c29c58
487,M_ID_3c747d94aa
488,M_ID_41cd844ce8
489,M_ID_c78c1c4863
490,M_ID_59d75e1506
491,M_ID_31f14a1e63
492,M_ID_2221921740
493,M_ID_9b71ea6793
494,M_ID_6f037d8422
495,M_ID_7f0f031072
496,M_ID_4013914012
497,M_ID_1799a763ce
498,M_ID_cec7aa1171
499,M_ID_bdc65c1584
500,M_ID_dcbe85151d
501,M_ID_dad626ef20
502,M_ID_41d1af9a4c
503,M_ID_cf0460b7ba
504,M_ID_1d615106ea
505,M_ID_7bff235f9b
506,M_ID_0c76a7bbfb
507,M_ID_de3651d818
508,M_ID_399b682de2
509,M_ID_22ba43ac58
510,M_ID_2f2a0c08dc
511,M_ID_b1de7e1881
512,M_ID_e70323077e
513,M_ID_a7c1051135
514,M_ID_1d1187abfa
515,M_ID_6f5c358713
516,M_ID_66ac8ce6ad
517,M_ID_da13e2dfa9
518,M_ID_3f0df8ff54
519,M_ID_aee83d7422
520,M_ID_f731269be8
521,M_ID_2b1132794d
522,M_ID_f28cf51321
523,M_ID_6224e9e8f8
524,M_ID_09dc24a2b7
525,M_ID_638b6bb6bf
526,M_ID_134665282f
527,M_ID_eb315a6042
528,M_ID_e805f2c331
529,M_ID_11c9bbc2df
530,M_ID_348da6e490
531,M_ID_44ba050cba
532,M_ID_a3ebd50333
533,M_ID_7ab560996e
534,M_ID_329ed23c7d
535,M_ID_deeee5e2e2
536,M_ID_9b445173d4
537,M_ID_85fe27bcdb
538,M_ID_917277447f
539,M_ID_0802f1492f
540,M_ID_81fecbb1c7
541,M_ID_be55066006
542,M_ID_ddec47fa04
543,M_ID_f9c45aa7dc
544,M_ID_e6a3fca250
545,M_ID_fb2425648c
546,M_ID_6dcfcf7ae5
547,M_ID_cf88ab0bdf
548,M_ID_0730088258
549,M_ID_0e746a5502
550,M_ID_018dd0bcd1
551,M_ID_5eb64ecc98
552,M_ID_1dccb6850d
553,M_ID_03de00838e
554,M_ID_1a0e20517a
555,M_ID_573a0919ca
556,M_ID_2bc37d6a36
557,M_ID_806e74c45a
558,M_ID_8be1749630
559,M_ID_c33566ea50
560,M_ID_7241eab15a
561,M_ID_f133b48d6f
562,M_ID_ef96ac3d13
563,M_ID_7b336b0744
564,M_ID_823115a9e7
565,M_ID_6ce7ec4306
566,M_ID_2c350b9a51
567,M_ID_6ef27dc5bd
568,M_ID_a31b01dce9
569,M_ID_f856b636fa
570,M_ID_46e7184add
571,M_ID_f41cd6a87b
572,M_ID_216f574fce
573,M_ID_745628b282
574,M_ID_e928cb35c6
575,M_ID_62032c6673
576,M_ID_2566e9c3fc
577,M_ID_0c32cfb84a
578,M_ID_159e8202b8
579,M_ID_036f195efd
580,M_ID_57b61261b3
581,M_ID_15d03e4a7c
582,M_ID_4dd98a3862
583,M_ID_37834aeccb
584,M_ID_f1eee3abce
585,M_ID_49b6f57e64
586,M_ID_f9d3485746
587,M_ID_746567b9e4
588,M_ID_d8eb2ba229
589,M_ID_e44052d876
590,M_ID_ecf7adf5cd
591,M_ID_4bc5238080
592,M_ID_be66aaf9ec
593,M_ID_81da6334b5
594,M_ID_fdda4e40c9
595,M_ID_a503062f65
596,M_ID_039b75a9e2
597,M_ID_cc85c4f8ac
598,M_ID_35be0e3efb
599,M_ID_6f93096736
600,M_ID_38496390f4
601,M_ID_1c4ac99876
602,M_ID_c8f58d32e8
603,M_ID_a1b47a9f4b
604,M_ID_e2d7f213e5
605,M_ID_ba8034eda8
606,M_ID_4adbc388ea
607,M_ID_47a5a12064
608,M_ID_fd98ec3c94
609,M_ID_4c2eff7738
610,M_ID_983aba7e44
611,M_ID_a0dc6fb6bb
612,M_ID_a9bacd1772
613,M_ID_a6fec577d6
614,M_ID_fb7afc71cf
615,M_ID_24e1bbbc92
616,M_ID_61bf686c1b
617,M_ID_545ec81dc6
618,M_ID_83f85ace51
619,M_ID_c1a848a64f
620,M_ID_bb1012a207
621,M_ID_d907e750a7
622,M_ID_93aad6bc2c
623,M_ID_a2d1021796
624,M_ID_42e731c17d
625,M_ID_e3c896917d
626,M_ID_a0d5726aa4
627,M_ID_be9e4a3519
628,M_ID_8ea6418f4e
629,M_ID_2aa5cea7a8
630,M_ID_5dbca34f43
631,M_ID_ff3502871d
632,M_ID_5fcd3c3c67
633,M_ID_a1e36644ae
634,M_ID_9155c1393a
635,M_ID_f7def0236a
636,M_ID_cf6cb8fa7a
637,M_ID_a2fba65703
638,M_ID_fe82e1685a
639,M_ID_ba3fa0aeeb
640,M_ID_0f24d68480
641,M_ID_622166b097
642,M_ID_309cf94b89
643,M_ID_b3c7d54fc3
644,M_ID_2a98c7c21e
645,M_ID_0a23aeaf63
646,M_ID_eed2126504
647,M_ID_32eb10c259
648,M_ID_d40b0904ee
649,M_ID_1feccb767e
650,M_ID_e6d1cd5314
651,M_ID_ad5e44745a
652,M_ID_faa1a7dabf
653,M_ID_0bb5bdbe9f
654,M_ID_7999fdfb4a
655,M_ID_0c23a8b081
656,M_ID_3d0a7c9ee6
657,M_ID_acd15f8534
658,M_ID_aaccca597b
659,M_ID_2757ded9b4
660,M_ID_b3fbca9c85
661,M_ID_1e0057d0d7
662,M_ID_fe0a828cd2
663,M_ID_3e3d742e71
664,M_ID_45d42a4fae
665,M_ID_9fc6881ecc
666,M_ID_87dbcf5c19
667,M_ID_c235ad6790
668,M_ID_8250060fbd
669,M_ID_c8c64d0a62
670,M_ID_c4dffab947
671,M_ID_d512b139a9
672,M_ID_9b1aa35625
673,M_ID_cecafb8253
674,M_ID_2b48ec44d2
675,M_ID_1ca527d3f8
676,M_ID_f612d7d66d
677,M_ID_79ff287fa1
678,M_ID_d2f7fca00e
679,M_ID_4cb62df1e8
680,M_ID_0ee7a8b7a0
681,M_ID_ecf0729fe6
682,M_ID_712e4dae75
683,M_ID_7830768c23
684,M_ID_186f5dfd9b
685,M_ID_38e802e6e8
686,M_ID_bbe5b2b964
687,M_ID_54d8ef473e
688,M_ID_7ef9572a25
689,M_ID_36ddfbed2e
690,M_ID_9f6064631f
691,M_ID_94919a5745
692,M_ID_c90625178d
693,M_ID_a34567f544
694,M_ID_a1a9270019
695,M_ID_6b9b63df32
696,M_ID_d7ce6ac322
697,M_ID_df7919ab89
698,M_ID_26b0c12283
699,M_ID_3435c646fc
700,M_ID_e01f6ea423
701,M_ID_587ef70e47
702,M_ID_ce11485e4a
703,M_ID_3048caf950
704,M_ID_c8b21320d2
705,M_ID_0a44a868ed
706,M_ID_184db1cc8a
707,M_ID_e783a0ce87
708,M_ID_c033efe566
709,M_ID_562e584a7a
710,M_ID_813d7c3a4d
711,M_ID_6692a6a8b5
712,M_ID_915f36efee
713,M_ID_02a8e6004c
714,M_ID_92d88093be
715,M_ID_a3875f8eca
716,M_ID_12b2f5f0bc
717,M_ID_b6238af2ef
718,M_ID_b6fa0d8e27
719,M_ID_3050a80e6d
720,M_ID_f74fead453
721,M_ID_b24e4de301
722,M_ID_4f36b62c7b
723,M_ID_69883b6650
724,M_ID_21e454dade
725,M_ID_294c7bc513
726,M_ID_0031cd2013
727,M_ID_9ce176e478
728,M_ID_0180a81d7e
729,M_ID_1fd36f1abc
730,M_ID_d95a69d39f
731,M_ID_b28cbf1222
732,M_ID_f3c8de3f67
733,M_ID_5d0f6f8661
734,M_ID_15d3f16346
735,M_ID_eb741c602c
736,M_ID_d0cf8d3cc8
737,M_ID_c94a284869
738,M_ID_dced021297
739,M_ID_fda7aaf3b1
740,M_ID_936ebb57ab
741,M_ID_b5bc63acd0
742,M_ID_ecd1ffeba5
743,M_ID_dd6969ce8f
744,M_ID_e4945dbe73
745,M_ID_68b3f04681
746,M_ID_ca89f1bb40
747,M_ID_2c02b7cc43
748,M_ID_a81c97cf35
749,M_ID_922b9f1b3a
750,M_ID_9f261b751b
751,M_ID_9eef0c8185
752,M_ID_8ae9c20be8
753,M_ID_4a8f7cdef5
754,M_ID_7669380bbc
755,M_ID_fdd693171e
756,M_ID_872597b757
757,M_ID_add7ef183e
758,M_ID_1be2775ea6
759,M_ID_af0184d2f0
760,M_ID_c422915846
761,M_ID_c2e94ed6e8
762,M_ID_da364508e8
763,M_ID_2756767692
764,M_ID_ace1f232ff
765,M_ID_33a914904a
766,M_ID_b31a98f6f7
767,M_ID_04cd914b71
768,M_ID_edee02eefa
769,M_ID_73e4db9183
770,M_ID_aa8566a6ca
771,M_ID_9d77c642d0
772,M_ID_7e509c366f
773,M_ID_55749fa077
774,M_ID_a01d083ffe
775,M_ID_c55af3f504
776,M_ID_6e330781b6
777,M_ID_e10236aceb
778,M_ID_9b0589cc23
779,M_ID_afd48c91a5
780,M_ID_63dc9c24bd
781,M_ID_e3480b63fe
782,M_ID_e27708a2b9
783,M_ID_b95a273322
784,M_ID_51b2802676
785,M_ID_0eeff6f900
786,M_ID_3f954378d9
787,M_ID_9daa0a3ce4
788,M_ID_9f37d88518
789,M_ID_a216ca4ee5
790,M_ID_01617667e6
791,M_ID_ff9ccdf7cb
792,M_ID_e8becc4425
793,M_ID_431c769de0
794,M_ID_4dcdb5259e
795,M_ID_561821f459
796,M_ID_b2c0d742f1
797,M_ID_c6dcf8ac93
798,M_ID_44d2a30f1b
799,M_ID_0d9cd8a050
800,M_ID_8183f2db36
801,M_ID_6216b0343b
802,M_ID_e3c822fb07
803,M_ID_552b25f5ff
804,M_ID_872c142509
805,M_ID_f911888bff
806,M_ID_031d8a097b
807,M_ID_992729206b
808,M_ID_7bd2cd9ed7
809,M_ID_4c73db95ec
810,M_ID_7c366b73ad
811,M_ID_0685c7f687
812,M_ID_a3d9336a06
813,M_ID_ab7aabcd11
814,M_ID_995fb1b157
815,M_ID_aef9ecca11
816,M_ID_21923f822e
817,M_ID_a99093e74e
818,M_ID_aba391ca7a
819,M_ID_bdb99ab284
820,M_ID_ab1586088f
821,M_ID_1fb126a65a
822,M_ID_8fa3bf4ce2
823,M_ID_592fc89eb3
824,M_ID_930970ad40
825,M_ID_ad73227d69
826,M_ID_812dd14ad7
827,M_ID_93cf05ccd7
828,M_ID_77883c5a7f
829,M_ID_698d94ba18
830,M_ID_cba35c3615
831,M_ID_5341ed94d7
832,M_ID_6b3f9c5c20
833,M_ID_ebe8a04a0d
834,M_ID_713c6d47cb
835,M_ID_0c4018d3a0
836,M_ID_0c5e891c40
837,M_ID_db58ba9b85
838,M_ID_4848279b0d
839,M_ID_b24d419e86
840,M_ID_6d97732ab0
841,M_ID_3093f88752
842,M_ID_3780d24554
843,M_ID_b8a52d86e6
844,M_ID_a1574dabb8
845,M_ID_cfc80ea4b2
846,M_ID_1758468942
847,M_ID_e58b9547d1
848,M_ID_75a94be591
849,M_ID_b74b3f3d30
850,M_ID_6ff167f0fd
851,M_ID_37d4ccbdd3
852,M_ID_9e52effd2c
853,M_ID_c470fbcfb9
854,M_ID_643ddc8e87
855,M_ID_3941da20ae
856,M_ID_4b83013973
857,M_ID_669ea5d35c
858,M_ID_18d58fdd79
859,M_ID_0a8f9c292a
860,M_ID_3970806273
861,M_ID_3325d1e9df
862,M_ID_a3e903505c
863,M_ID_fd5f4bc25f
864,M_ID_b499e098d1
865,M_ID_c074ce5077
866,M_ID_124c876b1d
867,M_ID_2c54b6d698
868,M_ID_be20880790
869,M_ID_d9053a6305
870,M_ID_c02816a7a8
871,M_ID_9b0db39ff0
872,M_ID_5f4083f036
873,M_ID_24c12d8319
874,M_ID_cb04c32a06
875,M_ID_c95fa797c0
876,M_ID_5678cb20d6
877,M_ID_1925f5f292
878,M_ID_e8f647c79f
879,M_ID_1f446c616c
880,M_ID_38a4f55fd0
881,M_ID_a7415fa394
882,M_ID_386938fb76
883,M_ID_8524b12916
884,M_ID_456481e1ae
885,M_ID_e09b291b50
886,M_ID_74f4acf26e
887,M_ID_ef227a2b3b
888,M_ID_758c45feef
889,M_ID_3895d01f2c
890,M_ID_6ce94c2e49
891,M_ID_c898f3fbee
892,M_ID_6c0428556c
893,M_ID_6cf3bcf689
894,M_ID_8663fbbfa3
895,M_ID_d3277143c1
896,M_ID_0fe4524275
897,M_ID_676b1b049a
898,M_ID_93a655eb58
899,M_ID_fac1c06f2d
900,M_ID_bfe7b10699
901,M_ID_93b61a6b20
902,M_ID_698ee6f25b
903,M_ID_f9d701fcce
904,M_ID_8e198200b3
905,M_ID_dbb950ad1c
906,M_ID_dadfdd95ee
907,M_ID_f318d2b78b
908,M_ID_e0fb758803
909,M_ID_e590a5d961
910,M_ID_adbe350672
911,M_ID_26ccfb5761
912,M_ID_4964930d70
913,M_ID_74e6ae9dbe
914,M_ID_35cf204c74
915,M_ID_ec895c219f
916,M_ID_b77439759c
917,M_ID_b250dd72c7
918,M_ID_ba8998717f
919,M_ID_6c1e1904ee
920,M_ID_deaec583e3
921,M_ID_a9204d4905
922,M_ID_b8a599a0ed
923,M_ID_542a0a33de
924,M_ID_0d608ca42b
925,M_ID_3e2875aaa0
926,M_ID_73d18541f3
927,M_ID_d579a7f40a
928,M_ID_a9212f12e7
929,M_ID_19e8a85052
930,M_ID_63d90daf5c
931,M_ID_5e927f08cb
932,M_ID_4c9ef1d309
933,M_ID_141e51b5a0
934,M_ID_8b1c967c70
935,M_ID_c9592d5628
936,M_ID_3eba4040ca
937,M_ID_59cd10691c
938,M_ID_7e9731dccf
939,M_ID_253b81387e
940,M_ID_45abc31059
941,M_ID_2a239518e1
942,M_ID_e52be06455
943,M_ID_d35e032b87
944,M_ID_9a749c7cf0
945,M_ID_93c400b27f
946,M_ID_34ec9e0adb
947,M_ID_8ece10d8f0
948,M_ID_3ced447c36
949,M_ID_96a9a1f1f6
950,M_ID_62054d27eb
951,M_ID_7437833da6
952,M_ID_31f3838d7c
953,M_ID_5dfff7432d
954,M_ID_0099cad711
955,M_ID_fef506b754
956,M_ID_b023795891
957,M_ID_915e3c3cb1
958,M_ID_2d3820381f
959,M_ID_01fe1ca857
960,M_ID_a238b215ef
961,M_ID_a5f7e75194
962,M_ID_7c5533d409
963,M_ID_564b08109f
964,M_ID_48d6a4a461
965,M_ID_6009d70378
966,M_ID_8de13e26a5
967,M_ID_06c0f4044c
968,M_ID_ed133e0743
969,M_ID_74b7ac5eb5
970,M_ID_e05ab16bed
971,M_ID_3511385eb2
972,M_ID_987fd25b9b
973,M_ID_fe10d45be7
974,M_ID_4e19c62435
975,M_ID_82c689a3d2
976,M_ID_77f5cd0a8f
977,M_ID_012cdbce1b
978,M_ID_4c945e4204
979,M_ID_be1431913b
980,M_ID_125469f070
981,M_ID_ea63838a46
982,M_ID_0427dae2f6
983,M_ID_689030b713
984,M_ID_4afa069b2f
985,M_ID_7c358aa9e4
986,M_ID_269859b194
987,M_ID_65e2f13890
988,M_ID_bf2120ddbc
989,M_ID_6731c45bed
990,M_ID_414cc43223
991,M_ID_b621f59c87
992,M_ID_13bc088b52
993,M_ID_35ac6463fc
994,M_ID_ab4eb98619
995,M_ID_f0861b361b
996,M_ID_cf8b36cd71
997,M_ID_a92f6142b7
998,M_ID_5378ecbf98
999,M_ID_3fca0e59ce
1000,M_ID_70557d6078
1001,M_ID_f058db79a2
1002,M_ID_de8da5cf4e
1003,M_ID_6ba65ca598
1004,M_ID_8f648e894c
1005,M_ID_8f6df37c98
1006,M_ID_c071b546e0
1007,M_ID_9f599bc9c1
1008,M_ID_2c9a4f0a10
1009,M_ID_875684193f
1010,M_ID_05b286dca0
1011,M_ID_ca6572c090
1012,M_ID_8f5a99e5f2
1013,M_ID_4f88a7c3ba
1014,M_ID_b3e49ec17b
1015,M_ID_e0c4e39c71
1016,M_ID_9163abbd85
1017,M_ID_c8a4be7d7d
1018,M_ID_f22aad26aa
1019,M_ID_028b8d3fad
1020,M_ID_66b1e9d6c5
1021,M_ID_81d241c07e
1022,M_ID_64b0722b61
1023,M_ID_4a0e85bea0
1024,M_ID_042a507002
1025,M_ID_7544a2a9f0
1026,M_ID_926bcd5da5
1027,M_ID_aba284bf35
1028,M_ID_25fabbd7dc
1029,M_ID_f682d2f1b3
1030,M_ID_457d7c9190
1031,M_ID_bbf8380498
1032,M_ID_25d0b75261
1033,M_ID_af625ce1c4
1034,M_ID_6db1eb5d48
1035,M_ID_52ffd78434
1036,M_ID_b9ecd75598
1037,M_ID_c82b0d58a9
1038,M_ID_47c9a31348
1039,M_ID_390025a841
1040,M_ID_2b56080f4f
1041,M_ID_256f48a0fa
1042,M_ID_f43748ae48
1043,M_ID_6143b8da6e
1044,M_ID_5dea8b91af
1045,M_ID_39cfc8b45d
1046,M_ID_213585cb9e
1047,M_ID_7bab3fa950
1048,M_ID_d65132235a
1049,M_ID_cf2efe416f
1050,M_ID_da258ec44c
1051,M_ID_5941b5ec4f
1052,M_ID_0f2a9c39cf
1053,M_ID_f215a5b7ae
1054,M_ID_14e93db854
1055,M_ID_956a09e16e
1056,M_ID_3dafd6e3fc
1057,M_ID_62da442f33
1058,M_ID_511b23e670
1059,M_ID_c8e7a54b13
1060,M_ID_e1961e0188
1061,M_ID_6764e07ac9
1062,M_ID_97b52ac2f3
1063,M_ID_7955a13fcb
1064,M_ID_523fef27ca
1065,M_ID_dbe93d3a68
1066,M_ID_05ba32575e
1067,M_ID_e1543b3765
1068,M_ID_fcf9486f70
1069,M_ID_afbb509e63
1070,M_ID_79cec662f0
1071,M_ID_dd10945689
1072,M_ID_bfef407ec9
1073,M_ID_1bc244e437
1074,M_ID_c63098fd36
1075,M_ID_b260c8176a
1076,M_ID_292aefeb3d
1077,M_ID_ade10f2c59
1078,M_ID_1561179781
1079,M_ID_e2f08bf088
1080,M_ID_79317d2964
1081,M_ID_095eea167d
1082,M_ID_e827af32e5
1083,M_ID_658be1bc9d
1084,M_ID_9543bad12d
1085,M_ID_d750d9f5e6
1086,M_ID_0338ad7bab
1087,M_ID_0898c72e43
1088,M_ID_d89904f2d6
1089,M_ID_508ecbdcde
1090,M_ID_2223e1b0f3
1091,M_ID_3051c345d1
1092,M_ID_aaab4d8a2f
1093,M_ID_88048f2576
1094,M_ID_84d4bc7cb2
1095,M_ID_fe6bc9bf3d
1096,M_ID_592f5ae460
1097,M_ID_91d9e26c47
1098,M_ID_0c6202bf5f
1099,M_ID_5d7a4e0d97
1100,M_ID_6ced8e2f92
1101,M_ID_02a7d05abd
1102,M_ID_894c4ccd7b
1103,M_ID_3094cd11fa
1104,M_ID_bbf3cc1188
1105,M_ID_cee0fb362b
1106,M_ID_8cdef0da2f
1107,M_ID_cbdc231149
1108,M_ID_13ddff0673
1109,M_ID_e003bcc23b
1110,M_ID_f3cdf73241
1111,M_ID_bf7bf8bdf9
1112,M_ID_eab8854d21
1113,M_ID_6bc0571248
1114,M_ID_cbb4bef6a2
1115,M_ID_58abbb9d66
1116,M_ID_df21cf737c
1117,M_ID_8b2dd5426b
1118,M_ID_e08ec18eff
1119,M_ID_c768cea9ac
1120,M_ID_6e3234eceb
1121,M_ID_cd949f0477
1122,M_ID_cd7b799044
1123,M_ID_daf52c0491
1124,M_ID_86dc1ce96c
1125,M_ID_2b12fc61cf
1126,M_ID_c5f21826e9
1127,M_ID_ee8ddbdb1e
1128,M_ID_696e06e2b6
1129,M_ID_d956f988e4
1130,M_ID_91c0690dbf
1131,M_ID_b9dfb413c8
1132,M_ID_708326d6d4
1133,M_ID_3ffec8a9f9
1134,M_ID_f0e4fd1452
1135,M_ID_f7bd1673fb
1136,M_ID_8b8a2e3bde
1137,M_ID_33e80d8fdc
1138,M_ID_678fadfb5b
1139,M_ID_6f2f0a9ca6
1140,M_ID_0057d39ec0
1141,M_ID_23b6aa2a91
1142,M_ID_7429ed2355
1143,M_ID_10f46992fb
1144,M_ID_42a2c98e46
1145,M_ID_6eb62818f9
1146,M_ID_0fb0f7004a
1147,M_ID_f2b2055a98
1148,M_ID_39352259a4
1149,M_ID_e3ab01fcd1
1150,M_ID_2dc424fc87
1151,M_ID_c07aa4fe31
1152,M_ID_13620c3b03
1153,M_ID_66ddc94e50
1154,M_ID_868cbc753f
1155,M_ID_3ae36c850a
1156,M_ID_7564eab150
1157,M_ID_21c650c8fa
1158,M_ID_64cedbff72
1159,M_ID_631eb36f20
1160,M_ID_6053f1e50d
1161,M_ID_e14308b7dc
1162,M_ID_23d1497af1
1163,M_ID_fdcb4ff1ad
1164,M_ID_2c149ac32d
1165,M_ID_85eae845de
1166,M_ID_e3e354e201
1167,M_ID_83c4831f9a
1168,M_ID_ccebfd7e64
1169,M_ID_8a9646c4d9
1170,M_ID_e383974b67
1171,M_ID_c97233891f
1172,M_ID_3028144256
1173,M_ID_83650274c8
1174,M_ID_903b8b20dc
1175,M_ID_0369f708d0
1176,M_ID_5b07996295
1177,M_ID_86334eadad
1178,M_ID_01c529a106
1179,M_ID_0568626bf1
1180,M_ID_0047f21379
1181,M_ID_ed1a3bb322
1182,M_ID_6aabcda8bf
1183,M_ID_a7db3998eb
1184,M_ID_96d3b5bc54
1185,M_ID_40267bf606
1186,M_ID_bea2dc1abc
1187,M_ID_83a6b5a5ae
1188,M_ID_30d20135bd
1189,M_ID_a2d276649f
1190,M_ID_305e8436ba
1191,M_ID_d1bc8ee32b
1192,M_ID_d2030273f3
1193,M_ID_089774c458
1194,M_ID_126c6e6c7c
1195,M_ID_01be578bff
1196,M_ID_796797c0fb
1197,M_ID_625fa57834
1198,M_ID_9a6f5f9c2c
1199,M_ID_b22551d8df
1200,M_ID_b9f997f5f9
1201,M_ID_6dc6dadc8b
1202,M_ID_32f17afdce
1203,M_ID_c2681345c7
1204,M_ID_c5697bed76
1205,M_ID_bca1332af9
1206,M_ID_2106a5757d
1207,M_ID_92d95541fc
1208,M_ID_0631cf0343
1209,M_ID_a31ae1fccd
1210,M_ID_e8d43e5820
1211,M_ID_b4eccabc98
1212,M_ID_147ee7829f
1213,M_ID_af5eb405fd
1214,M_ID_981c4bc32a
1215,M_ID_863816c483
1216,M_ID_d78a08e648
1217,M_ID_1393dc1a5c
1218,M_ID_71eee7dd69
1219,M_ID_a97e6735fa
1220,M_ID_1788b0e239
1221,M_ID_cf18004210
1222,M_ID_6c0449513e
1223,M_ID_0460bc2df8
1224,M_ID_5caf132d09
1225,M_ID_eccaa2b4da
1226,M_ID_e26a63f339
1227,M_ID_b72832eaee
1228,M_ID_27745a6828
1229,M_ID_bad963be3c
1230,M_ID_b92c9d601a
1231,M_ID_a0b7a697be
1232,M_ID_9ef70e5b90
1233,M_ID_200a0eab8a
1234,M_ID_b46aa0798b
1235,M_ID_11e6f2baae
1236,M_ID_8a7c03b357
1237,M_ID_19a89fb1ed
1238,M_ID_40170e0bba
1239,M_ID_03045c0e6f
1240,M_ID_920005c2f3
1241,M_ID_dec7b6b81c
1242,M_ID_b88d39c1f5
1243,M_ID_df5e8df59e
1244,M_ID_099de30b2f
1245,M_ID_4195db4037
1246,M_ID_b320c9baf1
1247,M_ID_627dbaef72
1248,M_ID_ee2b84752d
1249,M_ID_c5b1e8ad1a
1250,M_ID_16aa1d4a4e
1251,M_ID_15ba63b4a4
1252,M_ID_44ed6fe081
1253,M_ID_d188b70439
1254,M_ID_870a14a302
1255,M_ID_1e8fa45bcc
1256,M_ID_c5fc8b914b
1257,M_ID_86d3ec956f
1258,M_ID_07959afe10
1259,M_ID_bfdf3254aa
1260,M_ID_4c22285d78
1261,M_ID_b47fff49cd
1262,M_ID_3a894ce26d
1263,M_ID_ee2f90432a
1264,M_ID_01bca939eb
1265,M_ID_6d21af0fc5
1266,M_ID_b1c3e416f7
1267,M_ID_b68fa7b40d
1268,M_ID_aace42cc8a
1269,M_ID_7f44942c64
1270,M_ID_73888e753c
1271,M_ID_7f6688056d
1272,M_ID_7155ec8e6b
1273,M_ID_0ccf0d7738
1274,M_ID_0f39468e7a
1275,M_ID_5d72f35da1
1276,M_ID_cc9bef3434
1277,M_ID_99d25aa3a6
1278,M_ID_e63853a53f
1279,M_ID_c841c89896
1280,M_ID_5cf8c1b45b
1281,M_ID_e6a094770d
1282,M_ID_f1faa2f39d
1283,M_ID_26a2f98f1c
1284,M_ID_9339be8af9
1285,M_ID_d5119de28f
1286,M_ID_940306b696
1287,M_ID_edb93d48b3
1288,M_ID_0bbfc07c82
1289,M_ID_7f2ec38c64
1290,M_ID_1689c2199b
1291,M_ID_60d2ad5028
1292,M_ID_8755c4fa5f
1293,M_ID_40c7c720de
1294,M_ID_48a0f21373
1295,M_ID_6602ec42a9
1296,M_ID_80f01797a2
1297,M_ID_fddf1449ce
1298,M_ID_5a1af109f7
1299,M_ID_7c973db521
1300,M_ID_c805400575
1301,M_ID_b9fe9e2731
1302,M_ID_566ec221f8
1303,M_ID_18bcd480eb
1304,M_ID_c667ed8d2a
1305,M_ID_7ea7545c40
1306,M_ID_789c7e0bfa
1307,M_ID_eb4c2bebe0
1308,M_ID_4fcb4c1819
1309,M_ID_bd2898234b
1310,M_ID_3ede91ef59
1311,M_ID_92f7494a27
1312,M_ID_90de1f5fb3
1313,M_ID_c8ee393684
1314,M_ID_41a84467d9
1315,M_ID_b7682d1ede
1316,M_ID_85cce299d1
1317,M_ID_ff845d155b
1318,M_ID_5a524f6c38
1319,M_ID_49fe3adf17
1320,M_ID_3da627d439
1321,M_ID_3f6a1da46a
1322,M_ID_49927c511f
1323,M_ID_7c89009be4
1324,M_ID_ed37bc9f32
1325,M_ID_f9f439dd10
1326,M_ID_74657337f0
1327,M_ID_820a1418bd
1328,M_ID_e4b941add2
1329,M_ID_015df4f16d
1330,M_ID_6cf9c93f23
1331,M_ID_2c02be683e
1332,M_ID_247a5c26aa
1333,M_ID_da410b3876
1334,M_ID_63bbba82f3
1335,M_ID_8315910840
1336,M_ID_159f68e767
1337,M_ID_27a9d6a3e5
1338,M_ID_64b3d48f16
1339,M_ID_f7fc69e800
1340,M_ID_8cd6f32d89
1341,M_ID_1449f331e1
1342,M_ID_28c277843c
1343,M_ID_214ef1109d
1344,M_ID_dea6f1fe98
1345,M_ID_f07a68a3dd
1346,M_ID_2c2f60d0bc
1347,M_ID_8487c296e3
1348,M_ID_42cda0059f
1349,M_ID_988db9235b
1350,M_ID_c04476ef7b
1351,M_ID_9f45535b72
1352,M_ID_f990e6b52e
1353,M_ID_f47a8735cd
1354,M_ID_436d1c85de
1355,M_ID_678cb7828d
1356,M_ID_959f08f1b7
1357,M_ID_c44cb22b00
1358,M_ID_e5b4f19af6
1359,M_ID_3a8b3279bb
1360,M_ID_32ec753659
1361,M_ID_0ab828f5f1
1362,M_ID_641e9f7047
1363,M_ID_af94d5a437
1364,M_ID_e8c39c727f
1365,M_ID_2fcec7caf6
1366,M_ID_0e0a35e87b
1367,M_ID_895099c571
1368,M_ID_e5bec14728
1369,M_ID_558c6212f0
1370,M_ID_8f8b9a8520
1371,M_ID_872996ae8e
1372,M_ID_426ef1105b
1373,M_ID_c0bd1eac97
1374,M_ID_a6306698f9
1375,M_ID_a49884f8e1
1376,M_ID_abc42e0813
1377,M_ID_7402a8e269
1378,M_ID_37a43c4f1a
1379,M_ID_6de6d81a0d
1380,M_ID_0b1024f772
1381,M_ID_a5c6073fb9
1382,M_ID_10c2f8d8a1
1383,M_ID_4f36edccbe
1384,M_ID_e7ef306ef9
1385,M_ID_bf640ccd8a
1386,M_ID_0cd184e60b
1387,M_ID_3bb7fc3c2b
1388,M_ID_35a2a48024
1389,M_ID_5ec665a0f3
1390,M_ID_a9cfd3811d
1391,M_ID_407a4019db
1392,M_ID_7f9ebcf27a
1393,M_ID_267bb63dfe
1394,M_ID_33134f990b
1395,M_ID_4bfa4555bb
1396,M_ID_d3e1d44445
1397,M_ID_81923b2a44
1398,M_ID_55989ad085
1399,M_ID_ad01f4f223
1400,M_ID_7f24a90695
1401,M_ID_ca17c91ad6
1402,M_ID_1172638c03
1403,M_ID_a426eeeef0
1404,M_ID_a30579b67d
1405,M_ID_0e59cb9bc9
1406,M_ID_fae570d550
1407,M_ID_e15e34a0f2
1408,M_ID_31f96bfb00
1409,M_ID_44f20cef11
1410,M_ID_417cd59e9e
1411,M_ID_1b40b4da39
1412,M_ID_1cd0aa67f8
1413,M_ID_bdbf8d8592
1414,M_ID_8961f572a4
1415,M_ID_104bb9d58d
1416,M_ID_2aa1d40e73
1417,M_ID_64482700d7
1418,M_ID_8ecced5237
1419,M_ID_c786f97e48
1420,M_ID_9c75ecd11f
1421,M_ID_ad71208b28
1422,M_ID_0a39b56937
1423,M_ID_7281e345c8
1424,M_ID_83e87c38bd
1425,M_ID_452e9588a2
1426,M_ID_dc003b0b3a
1427,M_ID_e9ca2cc73e
1428,M_ID_6510a2daef
1429,M_ID_b3c193577d
1430,M_ID_e6f70e1c2b
1431,M_ID_2e7fa94cd9
1432,M_ID_245db19f4f
1433,M_ID_a5c4ee9082
1434,M_ID_c84d90ace9
1435,M_ID_a2abeac361
1436,M_ID_fc6b5c31ce
1437,M_ID_9e977f50f6
1438,M_ID_81a6271789
1439,M_ID_0ec7572f9f
1440,M_ID_9dfec14565
1441,M_ID_08e8b41a09
1442,M_ID_fc366617ae
1443,M_ID_7310e6a5bc
1444,M_ID_cd5065e24e
1445,M_ID_c57f71b204
1446,M_ID_8b63082470
1447,M_ID_5063e02e5f
1448,M_ID_34735722c5
1449,M_ID_d98c41a8e8
1450,M_ID_2ce042d6f6
1451,M_ID_744d042987
1452,M_ID_e88d6ddc39
1453,M_ID_7bb51d8bf2
1454,M_ID_d711822fb5
1455,M_ID_54166a6f2a
1456,M_ID_c58dfedcd2
1457,M_ID_923bf570ec
1458,M_ID_ef9add360b
1459,M_ID_aafb49480a
1460,M_ID_c7a6125be6
1461,M_ID_ae5680f066
1462,M_ID_e055bd3454
1463,M_ID_0c1ddd6db1
1464,M_ID_8e8b5b56bf
1465,M_ID_744a37eecb
1466,M_ID_55eb319a8f
1467,M_ID_badf87bd79
1468,M_ID_c82e01ead8
1469,M_ID_bb38144a08
1470,M_ID_491fa0e30f
1471,M_ID_043e82fb1a
1472,M_ID_f2ef53cc1a
1473,M_ID_76e5db016d
1474,M_ID_e4dad835bf
1475,M_ID_5ff554da0b
1476,M_ID_d370072743
1477,M_ID_b878ca85cf
1478,M_ID_582ef984e1
1479,M_ID_cb50a6a2b0
1480,M_ID_e5c9d121ab
1481,M_ID_8c3512329d
1482,M_ID_5676030e28
1483,M_ID_b2b4c4254d
1484,M_ID_ab554840df
1485,M_ID_c85d6b0166
1486,M_ID_bb882f4f18
1487,M_ID_3b06d2aff6
1488,M_ID_4e083174d9
1489,M_ID_834776eaf3
1490,M_ID_ccc6bea4ec
1491,M_ID_6d6a2b98c7
1492,M_ID_6f2d845350
1493,M_ID_44af3079e4
1494,M_ID_fe603941f4
1495,M_ID_0069f5cb93
1496,M_ID_6342dabe8e
1497,M_ID_1e8458deda
1498,M_ID_97414d5592
1499,M_ID_750d9bde2f
1500,M_ID_be8ce7cf13
1501,M_ID_917314fc72
1502,M_ID_83b290298b
1503,M_ID_41228cef30
1504,M_ID_f50a37b9f4
1505,M_ID_71488d1d1a
1506,M_ID_81ce8f1068
1507,M_ID_4565f6ffa4
1508,M_ID_d0f4754126
1509,M_ID_814aeb5179
1510,M_ID_9076e0ca2a
1511,M_ID_b6d4955c72
1512,M_ID_4e2c1c674f
1513,M_ID_a87e80c3ef
1514,M_ID_83de786ac1
1515,M_ID_fde681ad0d
1516,M_ID_a2c8a15be5
1517,M_ID_a11cf1a71a
1518,M_ID_794c062d55
1519,M_ID_a7a89de686
1520,M_ID_fd2fc98778
1521,M_ID_6a3291f653
1522,M_ID_a4e0d1208b
1523,M_ID_0e63e29df3
1524,M_ID_40e685a71f
1525,M_ID_17dd249ee5
1526,M_ID_b9eb4dab95
1527,M_ID_db08ef5dd3
1528,M_ID_bc0d1cea9c
1529,M_ID_2f5ab9b1ff
1530,M_ID_3323857dab
1531,M_ID_b348755ea2
1532,M_ID_f589fb5345
1533,M_ID_987925ae61
1534,M_ID_1c48299766
1535,M_ID_849b3df9b4
1536,M_ID_2ca668fc0a
1537,M_ID_b619d969f5
1538,M_ID_4b95059a28
1539,M_ID_08e1a5444b
1540,M_ID_a38300ac0a
1541,M_ID_616dcab0f1
1542,M_ID_58b5411e0a
1543,M_ID_740a31fa62
1544,M_ID_dfd50a94f8
1545,M_ID_84d151c31a
1546,M_ID_f2f4621952
1547,M_ID_3a05962cf6
1548,M_ID_86740e2249
1549,M_ID_d08cfb9535
1550,M_ID_ae19684784
1551,M_ID_8f9452e979
1552,M_ID_fd6ca6a7cc
1553,M_ID_c679d234e8
1554,M_ID_cc8963270e
1555,M_ID_a02e7bfa99
1556,M_ID_924d982b46
1557,M_ID_f01c4bd551
1558,M_ID_5c848dc57d
1559,M_ID_c0dd9d85cb
1560,M_ID_e730524146
1561,M_ID_2151f9b7e8
1562,M_ID_a7fdabdbb1
1563,M_ID_ebeb0c56f7
1564,M_ID_286f6b2595
1565,M_ID_4953cd48d8
1566,M_ID_b8ab6af5ed
1567,M_ID_4211d9ef95
1568,M_ID_2b19027197
1569,M_ID_e3fe5db570
1570,M_ID_2b44bf534f
1571,M_ID_771d147223
1572,M_ID_d51c2de664
1573,M_ID_e469cc14b6
1574,M_ID_ea6f3d6325
1575,M_ID_b170c40627
1576,M_ID_91c42e1b6e
1577,M_ID_be4ca7e010
1578,M_ID_3b510126f9
1579,M_ID_240539a948
1580,M_ID_acce32451e
1581,M_ID_717369833e
1582,M_ID_acdd9ca55a
1583,M_ID_6f4da0da65
1584,M_ID_e876ca3d4a
1585,M_ID_1213c0a4ec
1586,M_ID_2bf9c36340
1587,M_ID_f57358f1c8
1588,M_ID_ba0d2f8ce6
1589,M_ID_2f5230a178
1590,M_ID_18ff252bd9
1591,M_ID_383b27ab4f
1592,M_ID_99d4c06b66
1593,M_ID_99fb9a75bb
1594,M_ID_4ad11b0ad3
1595,M_ID_051a2a2928
1596,M_ID_c65757888e
1597,M_ID_fbc56882cb
1598,M_ID_291de8b6f4
1599,M_ID_0d7eefff5a
1600,M_ID_4170a3b6dd
1601,M_ID_9c9e4f51fa
1602,M_ID_380e51afff
1603,M_ID_87fa97d3b8
1604,M_ID_37e854bc3f
1605,M_ID_1e20426f5a
1606,M_ID_d4304d60ec
1607,M_ID_c65c2a20a9
1608,M_ID_078bfb7abb
1609,M_ID_1b5dff4bdf
1610,M_ID_b68076c6cc
1611,M_ID_4af45e2e89
1612,M_ID_cfcae3f887
1613,M_ID_ab6b5dbca2
1614,M_ID_f4ec9b11a7
1615,M_ID_f2de03c1c5
1616,M_ID_36bdcd110d
1617,M_ID_a8848a9c2d
1618,M_ID_30744bba41
1619,M_ID_b4eaa1f0b8
1620,M_ID_488adcb93f
1621,M_ID_7254c8a58d
1622,M_ID_58dc2c4ffd
1623,M_ID_1c3c54f1f1
1624,M_ID_1882711a7f
1625,M_ID_d63a0c4fa3
1626,M_ID_4904351a0b
1627,M_ID_4fdca3cf3f
1628,M_ID_4c916c9801
1629,M_ID_b4639bef06
1630,M_ID_8fae425676
1631,M_ID_adb9ff26ce
1632,M_ID_8f820d09d6
1633,M_ID_e84593eb4a
1634,M_ID_a6a5bce4d9
1635,M_ID_fdf7ef0bb6
1636,M_ID_3e534b34c2
1637,M_ID_048ccd5b69
1638,M_ID_0fba6c00bc
1639,M_ID_f3d797843e
1640,M_ID_dadeccf1df
1641,M_ID_65467b0f71
1642,M_ID_70a93be506
1643,M_ID_913972b051
1644,M_ID_b0e84b3182
1645,M_ID_021e043d14
1646,M_ID_3957f1fd76
1647,M_ID_5521c343f1
1648,M_ID_d0342feb61
1649,M_ID_f32e9dd8e2
1650,M_ID_74a91b5487
1651,M_ID_10fa6cf66c
1652,M_ID_37a6c4d73d
1653,M_ID_5545cc1ad0
1654,M_ID_a91735e804
1655,M_ID_64294b12fa
1656,M_ID_ae0cddb873
1657,M_ID_101bffc2bb
1658,M_ID_662daedbda
1659,M_ID_d7e7fdb640
1660,M_ID_58c0a58d34
1661,M_ID_e005285e88
1662,M_ID_8c7a522440
1663,M_ID_7469c5ae9d
1664,M_ID_1dd385ca0a
1665,M_ID_f20a2f263c
1666,M_ID_6c1e6c1c28
1667,M_ID_f3e9fb38d9
1668,M_ID_f6a5cf9c8f
1669,M_ID_01b1c2e1c7
1670,M_ID_cdfaaa2aa1
1671,M_ID_d8f05f227c
1672,M_ID_8f0e2becae
1673,M_ID_7e364b66bf
1674,M_ID_f7532c2808
1675,M_ID_ed994b60f2
1676,M_ID_2607320426
1677,M_ID_3be091ccc6
1678,M_ID_9192cfd07d
1679,M_ID_5424aed0a4
1680,M_ID_40defbbee1
1681,M_ID_5480490cbc
1682,M_ID_1cee0c43e5
1683,M_ID_313bcbb33f
1684,M_ID_fbe8b33020
1685,M_ID_d588f92448
1686,M_ID_e9f22dfb6b
1687,M_ID_522ab29d44
1688,M_ID_7883cbac24
1689,M_ID_ebfc644ce7
1690,M_ID_0eca82efb7
1691,M_ID_c45ede54e5
1692,M_ID_928d9d3b01
1693,M_ID_871a31bcbc
1694,M_ID_a50eed94c2
1695,M_ID_b3091e97e0
1696,M_ID_42c23647a1
1697,M_ID_862514b6b3
1698,M_ID_aed8919772
1699,M_ID_50a266182d
1700,M_ID_cdfc6fb5f4
1701,M_ID_e2d13a8f89
1702,M_ID_6e16309d5d
1703,M_ID_d72a1f54f0
1704,M_ID_79bd61ecc8
1705,M_ID_0e47d63afe
1706,M_ID_c8608a19a5
1707,M_ID_10efad6b62
1708,M_ID_c230730774
1709,M_ID_9ff0d12829
1710,M_ID_37105f86e5
1711,M_ID_4946717cae
1712,M_ID_24eb4f1461
1713,M_ID_a2ff6c99bd
1714,M_ID_60871ec03b
1715,M_ID_98126c15c4
1716,M_ID_27c69f201e
1717,M_ID_0999804b20
1718,M_ID_2f92917464
1719,M_ID_9989fd361c
1720,M_ID_f8d145a8ed
1721,M_ID_f3a8d5916d
1722,M_ID_225acb8ad9
1723,M_ID_a96079182f
1724,M_ID_e1e50cc341
1725,M_ID_aa2fc4f742
1726,M_ID_a9cfa2c1e6
1727,M_ID_2195c5f1ec
1728,M_ID_b4f666f6be
1729,M_ID_69834ce73b
1730,M_ID_5a2def811c
1731,M_ID_d7ad66900a
1732,M_ID_0429ebf555
1733,M_ID_6449d8b73e
1734,M_ID_4135cc0995
1735,M_ID_b50f88e304
1736,M_ID_ffc4da5719
1737,M_ID_299ae73b15
1738,M_ID_db0f983816
1739,M_ID_79f575da94
1740,M_ID_0e581a790e
1741,M_ID_4db05fbddf
1742,M_ID_0426891d1d
1743,M_ID_f5715c7742
1744,M_ID_680d44e68c
1745,M_ID_9f84ee102b
1746,M_ID_dec173d47b
1747,M_ID_224f26be81
1748,M_ID_8cdd8c8b8e
1749,M_ID_6ba24054b7
1750,M_ID_891f070b7f
1751,M_ID_9d02208032
1752,M_ID_a280460bd7
1753,M_ID_b47b010e08
1754,M_ID_c85966c3dc
1755,M_ID_8b64268412
1756,M_ID_ad7fc8b0e0
1757,M_ID_fa2c29e92a
1758,M_ID_a4687f948c
1759,M_ID_8d8a904938
1760,M_ID_cc2ec270bd
1761,M_ID_8edc555a48
1762,M_ID_72315f1525
1763,M_ID_df6f0bde50
1764,M_ID_8ec1dde621
1765,M_ID_2a9e943c79
1766,M_ID_5f3d2667c3
1767,M_ID_3e4f559820
1768,M_ID_12b5628119
1769,M_ID_92114f3688
1770,M_ID_14665a0708
1771,M_ID_ac258a7889
1772,M_ID_dd222cdb97
1773,M_ID_b2ab972a83
1774,M_ID_4b3ff3a47b
1775,M_ID_b665cbc880
1776,M_ID_752215f107
1777,M_ID_010df652bb
1778,M_ID_e2194fb0e3
1779,M_ID_29d7bae53b
1780,M_ID_3150916e76
1781,M_ID_a472ed59e2
1782,M_ID_eea7888621
1783,M_ID_f527ee1d46
1784,M_ID_3ad0e1ec29
1785,M_ID_a0c4d15e60
1786,M_ID_7b01f41b7b
1787,M_ID_a3c4eaaf9f
1788,M_ID_eab3f222c2
1789,M_ID_207f7994f9
1790,M_ID_4ba077efaf
1791,M_ID_e841a3ba0f
1792,M_ID_901414e57c
1793,M_ID_be976be04c
1794,M_ID_45aaaa7466
1795,M_ID_c8290120cc
1796,M_ID_aa1244cbda
1797,M_ID_cc85cda1a7
1798,M_ID_5b55c4849d
1799,M_ID_1e9702835e
1800,M_ID_edb3adc435
1801,M_ID_4592b211b3
1802,M_ID_67b823b2ca
1803,M_ID_eee59da6f1
1804,M_ID_6195b1b22e
1805,M_ID_46e54a706d
1806,M_ID_4e536f5e9d
1807,M_ID_a4d6a332fd
1808,M_ID_cbb6b79091
1809,M_ID_4cbb0bb49d
1810,M_ID_9089562e0f
1811,M_ID_35d7bc538b
1812,M_ID_c7efb684b7
1813,M_ID_cbd3404689
1814,M_ID_d4d0b783ef
1815,M_ID_2615feb764
1816,M_ID_50034b4d53
1817,M_ID_b1fa327062
1818,M_ID_a917087278
1819,M_ID_46e19e5b4a
1820,M_ID_6600ccea13
1821,M_ID_e73b77484f
1822,M_ID_519510dfb0
1823,M_ID_b9b85b4cea
1824,M_ID_1a96d7fad3
1825,M_ID_0686804a6f
1826,M_ID_34b0e66f14
1827,M_ID_5ae2d809c1
1828,M_ID_ac976a7054
1829,M_ID_b99ffe31a9
1830,M_ID_8d365032ab
1831,M_ID_cd7bb94e6d
1832,M_ID_3d8f225f2e
1833,M_ID_45233d7c52
1834,M_ID_de40388941
1835,M_ID_55b04a26b8
1836,M_ID_1f5b120b5e
1837,M_ID_69374cbd44
1838,M_ID_8bebbb4f40
1839,M_ID_c8df213299
1840,M_ID_84c8bf67a8
1841,M_ID_3b2fbd662f
1842,M_ID_59de045144
1843,M_ID_e49c34c533
1844,M_ID_7b3e3ba9ef
1845,M_ID_fe9fd44c3c
1846,M_ID_8819bb37cf
1847,M_ID_088a5c8601
1848,M_ID_55de7b10a3
1849,M_ID_b30133587a
1850,M_ID_6794b7cb0d
1851,M_ID_30f16237f2
1852,M_ID_98595e1424
1853,M_ID_0b8ce19ca9
1854,M_ID_ad637a951c
1855,M_ID_c6d53fe085
1856,M_ID_edc0ce9b9a
1857,M_ID_036dbb1af6
1858,M_ID_97375475f8
1859,M_ID_67d702d23c
1860,M_ID_20e321ad9c
1861,M_ID_119550db13
1862,M_ID_b3189fdf94
1863,M_ID_aff940a646
1864,M_ID_29c2278d06
1865,M_ID_83a3079d0e
1866,M_ID_5646b978ff
1867,M_ID_6990e8bb26
1868,M_ID_0382fe4346
1869,M_ID_0ccff8f561
1870,M_ID_0c3c3c81d8
1871,M_ID_a8e6505f8d
1872,M_ID_5ba1b2ba17
1873,M_ID_7e893af064
1874,M_ID_b6d3104ec0
1875,M_ID_0053ef9e42
1876,M_ID_f07c49d964
1877,M_ID_2f0061ff3e
1878,M_ID_022877bbfd
1879,M_ID_3b6c40927a
1880,M_ID_ab5e6e71f5
1881,M_ID_2b1bbe9719
1882,M_ID_972f9a8c76
1883,M_ID_98ac097630
1884,M_ID_c95ccfbee9
1885,M_ID_5f8872c206
1886,M_ID_9026276aec
1887,M_ID_3ae21169f8
1888,M_ID_7aabaa7ec7
1889,M_ID_8d4eb3fa63
1890,M_ID_607a6b7271
1891,M_ID_1b3c11b39d
1892,M_ID_0e0391266c
1893,M_ID_097a285493
1894,M_ID_eec95b3719
1895,M_ID_1d85ffc91d
1896,M_ID_7fc1884645
1897,M_ID_5e07173430
1898,M_ID_21495df2f6
1899,M_ID_49166c4948
1900,M_ID_b2a01f403d
1901,M_ID_be8bbd5dbe
1902,M_ID_f3a6cc7a3f
1903,M_ID_4bda6478db
1904,M_ID_0380a7a246
1905,M_ID_ffaa771e95
1906,M_ID_87bb425165
1907,M_ID_4b51ca9152
1908,M_ID_6956cf092a
1909,M_ID_d384c03a33
1910,M_ID_acbb0ae192
1911,M_ID_57abe43e7b
1912,M_ID_2cebf74635
1913,M_ID_f83b2340ef
1914,M_ID_01fa71b387
1915,M_ID_6a706ed738
1916,M_ID_78be0f7937
1917,M_ID_4b372d027f
1918,M_ID_1bea242ccb
1919,M_ID_89ae6fa63f
1920,M_ID_4543fa1f20
1921,M_ID_86ebba4c1e
1922,M_ID_a0f0c89ccb
1923,M_ID_2af4deaf0f
1924,M_ID_b55653ffc7
1925,M_ID_0795c28c5f
1926,M_ID_152963fd1a
1927,M_ID_3986163623
1928,M_ID_ba5e3cde2c
1929,M_ID_97909a437d
1930,M_ID_cf6caf8416
1931,M_ID_01f7bb6295
1932,M_ID_f8056a284b
1933,M_ID_161e2c3106
1934,M_ID_8fc00a0ace
1935,M_ID_8e238369af
1936,M_ID_14d77f2c7c
1937,M_ID_47d967b942
1938,M_ID_deed2609b0
1939,M_ID_2ed0a92f49
1940,M_ID_a43cadd895
1941,M_ID_020d98a939
1942,M_ID_458714e1a2
1943,M_ID_7af52ae3c6
1944,M_ID_6059cf0c00
1945,M_ID_d74ee99e69
1946,M_ID_e87e80f1d7
1947,M_ID_8c2165f942
1948,M_ID_7735d92470
1949,M_ID_fe545dc33e
1950,M_ID_b25625b2ad
1951,M_ID_b44df459e1
1952,M_ID_8f7878e581
1953,M_ID_401b8a6f22
1954,M_ID_e7a065100b
1955,M_ID_f0e196aa1a
1956,M_ID_905b77e440
1957,M_ID_7c3b1f7193
1958,M_ID_7e13061670
1959,M_ID_3d7769ddb7
1960,M_ID_da029919b8
1961,M_ID_9736710b7b
1962,M_ID_7e88d03a8a
1963,M_ID_5ab63660b4
1964,M_ID_dc69f766fb
1965,M_ID_bac578519b
1966,M_ID_c163e9df64
1967,M_ID_765623f6a2
1968,M_ID_b367954a88
1969,M_ID_546324acff
1970,M_ID_b52ed3ccb1
1971,M_ID_b3fed97b33
1972,M_ID_0a7dfeb82b
1973,M_ID_0b3088147a
1974,M_ID_2bf19b9722
1975,M_ID_0b8ed0c2b0
1976,M_ID_c842385c4f
1977,M_ID_6c0fca3c0d
1978,M_ID_f5732c1b4a
1979,M_ID_489d9c808d
1980,M_ID_919d7cbfc5
1981,M_ID_f8adc9afeb
1982,M_ID_ac1d99a3da
1983,M_ID_6435108cdf
1984,M_ID_2a3e4830a6
1985,M_ID_e2262f388c
1986,M_ID_69690864db
1987,M_ID_e9f8ed768b
1988,M_ID_fa1562f05f
1989,M_ID_46f653521b
1990,M_ID_98e8bfbd8f
1991,M_ID_22464a0cc5
1992,M_ID_d63bc7cbe6
1993,M_ID_01e2a06166
1994,M_ID_565ce9395b
1995,M_ID_b4bee87b9e
1996,M_ID_2c92b5335e
1997,M_ID_d1e8c04229
1998,M_ID_95711a9a9e
1999,M_ID_6cd8a716ea
2000,M_ID_4cc5cfec2b
2001,M_ID_8ee15f36b9
2002,M_ID_6ee22234c5
2003,M_ID_ae79dc5a62
2004,M_ID_374e4a3935
2005,M_ID_c81fb7aac2
2006,M_ID_3e2527805f
2007,M_ID_ab6cd43f6c
2008,M_ID_cea41fd1bb
2009,M_ID_c2ae305f39
2010,M_ID_b69ede8e36
2011,M_ID_b303ce1130
2012,M_ID_f1e97392b3
2013,M_ID_74148facb2
2014,M_ID_78a4047c6a
2015,M_ID_b6e2f76e7c
2016,M_ID_04cce2ae82
2017,M_ID_bedf6b0489
2018,M_ID_072a7a60ba
2019,M_ID_90f2868e20
2020,M_ID_5c86e6527b
2021,M_ID_3eed7fe606
2022,M_ID_64249a3c8f
2023,M_ID_e2ccb1f2a7
2024,M_ID_d4ac0326fe
2025,M_ID_19e6cfe4a6
2026,M_ID_93de1408b2
2027,M_ID_52451d0f80
2028,M_ID_c0e482fc83
2029,M_ID_49b779bc8a
2030,M_ID_7fef93baa7
2031,M_ID_d27c53bfe6
2032,M_ID_af28dcb68d
2033,M_ID_498ce1b8f6
2034,M_ID_581e250044
2035,M_ID_30da59969c
2036,M_ID_41291229fb
2037,M_ID_c8e613de08
2038,M_ID_8e4f0b3eaa
2039,M_ID_0603b4cc9f
2040,M_ID_8e6bfbb589
2041,M_ID_190cde9a41
2042,M_ID_ac4a1e170f
2043,M_ID_8e63e7dde4
2044,M_ID_94a496b48c
2045,M_ID_0a61105b13
2046,M_ID_b682b02fde
2047,M_ID_1f31b0c32f
2048,M_ID_dfc6c8895c
2049,M_ID_36abd77b2d
2050,M_ID_fff670d252
2051,M_ID_5d9c796f8e
2052,M_ID_9bc7abe660
2053,M_ID_3d971835d0
2054,M_ID_50e9bf3b9a
2055,M_ID_8a01f2fdcc
2056,M_ID_75dac22d75
2057,M_ID_df9bd00e52
2058,M_ID_1f04cfe899
2059,M_ID_90ed0b9ea3
2060,M_ID_94e8ef6196
2061,M_ID_e8d854c2fd
2062,M_ID_fca8d2fd31
2063,M_ID_06141f5308
2064,M_ID_f0f0787a94
2065,M_ID_5753240901
2066,M_ID_1cab2c7949
2067,M_ID_f37adeb03a
2068,M_ID_2d64c8522f
2069,M_ID_b163fde121
2070,M_ID_4e2db26117
2071,M_ID_f5c6eafbf3
2072,M_ID_db6aeada4c
2073,M_ID_a956715651
2074,M_ID_b67f54fb85
2075,M_ID_7142a57cf9
2076,M_ID_aeab005e86
2077,M_ID_8ccd87e8af
2078,M_ID_1e83f73b18
2079,M_ID_82302c1580
2080,M_ID_3afeb3cab2
2081,M_ID_c16f997d07
2082,M_ID_1bda0121d6
2083,M_ID_b077b14ecc
2084,M_ID_31fd42b773
2085,M_ID_53b7187ec6
2086,M_ID_3335e3b2c1
2087,M_ID_83e790dc1a
2088,M_ID_94940a1cd4
2089,M_ID_7f95a3b155
2090,M_ID_ee436564ae
2091,M_ID_bfdbdf7a86
2092,M_ID_dbe17a7efb
2093,M_ID_2a900904e4
2094,M_ID_e92010472a
2095,M_ID_bd33fbec86
2096,M_ID_5b5487c680
2097,M_ID_e2adeb3905
2098,M_ID_5bd83fa829
2099,M_ID_b91efcb67a
2100,M_ID_d55f012237
2101,M_ID_d0bbddf9fd
2102,M_ID_cdc58a97c8
2103,M_ID_43f12a2962
2104,M_ID_a3052a7f83
2105,M_ID_2b3de14aa1
2106,M_ID_56c1449d2b
2107,M_ID_56e1205c2c
2108,M_ID_31f2bbf94a
2109,M_ID_81e705c159
2110,M_ID_e8670aadde
2111,M_ID_f244ec503a
2112,M_ID_26355a64ba
2113,M_ID_7709508d26
2114,M_ID_dbf7e1452e
2115,M_ID_b00c0bc8b8
2116,M_ID_5639c3ef6f
2117,M_ID_ee37b25038
2118,M_ID_4be14ea639
2119,M_ID_061fd665f5
2120,M_ID_5dd3fc5da0
2121,M_ID_301f5c245d
2122,M_ID_1a43d3d51b
2123,M_ID_a4ae436997
2124,M_ID_755f370088
2125,M_ID_58654b0538
2126,M_ID_93cc67a694
2127,M_ID_2ef8d08dec
2128,M_ID_42d0aca6b2
2129,M_ID_f82fc131c7
2130,M_ID_706b06a5ef
2131,M_ID_b09194443d
2132,M_ID_c202a10137
2133,M_ID_e064f22877
2134,M_ID_b0212e1766
2135,M_ID_10dd4bfea3
2136,M_ID_609edab8fc
2137,M_ID_128c0f7599
2138,M_ID_c00e1203fa
2139,M_ID_9e8ddc946e
2140,M_ID_71a0b16f70
2141,M_ID_bacf41a6cc
2142,M_ID_2092221fdd
2143,M_ID_8c74a71042
2144,M_ID_33b037e264
2145,M_ID_531f8cb647
2146,M_ID_66c17b7c84
2147,M_ID_7bcb59d0c5
2148,M_ID_27f359e9e5
2149,M_ID_8fb78ff11d
2150,M_ID_ca622d6f4e
2151,M_ID_dba5b6efe8
2152,M_ID_71a8244edd
2153,M_ID_850cc996ae
2154,M_ID_f8f8822fb4
2155,M_ID_d2c597b501
2156,M_ID_57a9f8b56d
2157,M_ID_6559b93dbc
2158,M_ID_e7e24833f8
2159,M_ID_e3b4056cfc
2160,M_ID_fdd62789fb
2161,M_ID_a8e2fbb182
2162,M_ID_c0651f7df0
2163,M_ID_0ccd308294
2164,M_ID_c035862610
2165,M_ID_efd2532fc8
2166,M_ID_72a8a6d6f0
2167,M_ID_7a1ae66aea
2168,M_ID_760a1527cc
2169,M_ID_0d37241d37
2170,M_ID_eb7141d610
2171,M_ID_7f3b2af09b
2172,M_ID_625a32687f
2173,M_ID_80166743a1
2174,M_ID_ed32c15fc2
2175,M_ID_8951e22556
2176,M_ID_3f99e8465b
2177,M_ID_22aa0d4139
2178,M_ID_5859476a4d
2179,M_ID_a95fa9e585
2180,M_ID_b24edf8061
2181,M_ID_9df1ff7b76
2182,M_ID_ae32359ba6
2183,M_ID_491c8d0329
2184,M_ID_3a6be769d1
2185,M_ID_30340088f2
2186,M_ID_30340088f2
2187,M_ID_903f5b3e49
2188,M_ID_9189325d43
2189,M_ID_aefe539724
2190,M_ID_27b1e33c7f
2191,M_ID_18a3cb961b
2192,M_ID_d96246bf35
2193,M_ID_da15601116
2194,M_ID_78b2d01832
2195,M_ID_5e5fb7bee9
2196,M_ID_5605caf24f
2197,M_ID_ec25149abe
2198,M_ID_1a8c3d2748
2199,M_ID_a787aff65a
2200,M_ID_14593eab08
2201,M_ID_fc7bacd992
2202,M_ID_24d2139186
2203,M_ID_706553caef
2204,M_ID_720a59c084
2205,M_ID_5cc4bcb0bb
2206,M_ID_18d2ca3a88
2207,M_ID_543f7cd4e3
2208,M_ID_ed9675a42f
2209,M_ID_829e7ba082
2210,M_ID_c51ed8983f
2211,M_ID_6c3627a601
2212,M_ID_2ab1c38d06
2213,M_ID_69c553c169
2214,M_ID_dc5aae26b6
2215,M_ID_b106f33758
2216,M_ID_d6cb9a5476
2217,M_ID_9902e3bee5
2218,M_ID_cc7743d3cb
2219,M_ID_e5c4f1c223
2220,M_ID_11eb3d1aff
2221,M_ID_c0a53edc02
2222,M_ID_9172308427
2223,M_ID_2820f9dc0f
2224,M_ID_fae0dbac22
2225,M_ID_13c2e0be87
2226,M_ID_b70768476c
2227,M_ID_c6de635b61
2228,M_ID_cfb6375205
2229,M_ID_9168c44466
2230,M_ID_9447ad223a
2231,M_ID_70bfb92c98
2232,M_ID_9b1400d3e8
2233,M_ID_1b6c075c4a
2234,M_ID_c89fc90070
2235,M_ID_1abef7a256
2236,M_ID_f92f564a49
2237,M_ID_497c985c8b
2238,M_ID_1260e90fb3
2239,M_ID_d32588a07d
2240,M_ID_1b301ad400
2241,M_ID_c540aa4c27
2242,M_ID_485ce13f06
2243,M_ID_fb2e484a86
2244,M_ID_ce3474ba58
2245,M_ID_2dd25bf598
2246,M_ID_88fdec1e4f
2247,M_ID_6f78104eea
2248,M_ID_20d8979012
2249,M_ID_d406d45218
2250,M_ID_eadea6c5cd
2251,M_ID_2d387f24b3
2252,M_ID_76f8978641
2253,M_ID_ba5d5424fb
2254,M_ID_218d9b5fdf
2255,M_ID_517cc4b63c
2256,M_ID_5e994317d3
2257,M_ID_a98d40995f
2258,M_ID_7dc54ed08e
2259,M_ID_aff633217f
2260,M_ID_499b79ad09
2261,M_ID_b7c342c921
2262,M_ID_47f4dcfc1d
2263,M_ID_f6cb5d51e9
2264,M_ID_71b0d0dfd6
2265,M_ID_e3b0cdea37
2266,M_ID_23eeec9a60
2267,M_ID_58df25a0dc
2268,M_ID_2c0f416e15
2269,M_ID_43f216d811
2270,M_ID_aa2b52f3f3
2271,M_ID_618d2ad07f
2272,M_ID_459a020ec5
2273,M_ID_4ed09af7be
2274,M_ID_558e609b67
2275,M_ID_052494a00f
2276,M_ID_41d2af0289
2277,M_ID_edf6a94a2d
2278,M_ID_79843ce870
2279,M_ID_0cfc4fbaff
2280,M_ID_70ab374388
2281,M_ID_40dc827281
2282,M_ID_d7e8d769a0
2283,M_ID_c091dcffea
2284,M_ID_3b646f897a
2285,M_ID_bf0f154bc0
2286,M_ID_5f26ffc540
2287,M_ID_42aa95c331
2288,M_ID_ac8a626928
2289,M_ID_e6f608d6db
2290,M_ID_36e6fafb43
2291,M_ID_022e6dd5d0
2292,M_ID_9d2e9923fc
2293,M_ID_65ee1eff63
2294,M_ID_d1d27111d2
2295,M_ID_0b81da9a01
2296,M_ID_1b8a4e0745
2297,M_ID_4a1b1f08fc
2298,M_ID_a343286f7a
2299,M_ID_5c4dcc959c
2300,M_ID_b995dc48f7
2301,M_ID_17850f78db
2302,M_ID_6afc083d19
2303,M_ID_30c5f6d0b4
2304,M_ID_4e656a508f
2305,M_ID_96d434e755
2306,M_ID_5c8c32d485
2307,M_ID_47d9622a33
2308,M_ID_8224f8af08
2309,M_ID_e27352621a
2310,M_ID_e685a9a4ac
2311,M_ID_2d8efbed52
2312,M_ID_e6838222a1
2313,M_ID_d945c0553f
2314,M_ID_3ff60b8bce
2315,M_ID_a9a4f85efa
2316,M_ID_ff388775ef
2317,M_ID_0bf34936f5
2318,M_ID_87e12ea245
2319,M_ID_9a20d1b9a2
2320,M_ID_007af7cb40
2321,M_ID_f47e5dda51
2322,M_ID_d79a98b0aa
2323,M_ID_fca9d69fb8
2324,M_ID_6c20f75b95
2325,M_ID_be78410f77
2326,M_ID_edab8bbedc
2327,M_ID_89a158c837
2328,M_ID_9143585099
2329,M_ID_041ce0209a
2330,M_ID_43ef8a2212
2331,M_ID_89d7296afb
2332,M_ID_1f47e1310d
2333,M_ID_11832ca74a
2334,M_ID_062249fe43
2335,M_ID_c9e19e8827
2336,M_ID_2883526f31
2337,M_ID_3ab4fbda25
2338,M_ID_30ad6c6e4c
2339,M_ID_dfc47ce7fe
2340,M_ID_60c824df1e
2341,M_ID_d76a37941f
2342,M_ID_7ab92ee874
2343,M_ID_451e0f96f9
2344,M_ID_9da7981894
2345,M_ID_5220e098af
2346,M_ID_55a0cd084f
2347,M_ID_9044f19f82
2348,M_ID_93625b3af1
2349,M_ID_065a4f1d9f
2350,M_ID_1883113b75
2351,M_ID_b2a3488c53
2352,M_ID_dea6197aab
2353,M_ID_272845f65c
2354,M_ID_f64ce87e5a
2355,M_ID_70aca159d0
2356,M_ID_b1d10f3877
2357,M_ID_687e8b8749
2358,M_ID_a99f60bdb4
2359,M_ID_f8318fc7d1
2360,M_ID_e019022ed1
2361,M_ID_360d7cc9ca
2362,M_ID_9b9f543a66
2363,M_ID_8f54239055
2364,M_ID_6dcc381d78
2365,M_ID_6036dbf79c
2366,M_ID_3ba41d5e8d
2367,M_ID_b566d15ae2
2368,M_ID_6f62558c8d
2369,M_ID_7f9e3c9088
2370,M_ID_89eb694813
2371,M_ID_3bc4207171
2372,M_ID_ee68f96dec
2373,M_ID_99a16bd7d4
2374,M_ID_f9ab91071a
2375,M_ID_9648e34e94
2376,M_ID_babc5ba558
2377,M_ID_1e63962253
2378,M_ID_1695e3045b
2379,M_ID_5ff0972109
2380,M_ID_3016db5607
2381,M_ID_7592311d8b
2382,M_ID_642cbfc401
2383,M_ID_9ef26719aa
2384,M_ID_d22066907a
2385,M_ID_c51422da18
2386,M_ID_69befade52
2387,M_ID_f761fc2dfa
2388,M_ID_d1d8517033
2389,M_ID_4a165e85f6
2390,M_ID_54c820e81e
2391,M_ID_ae9968da5c
2392,M_ID_4e7d79187c
2393,M_ID_22156e2aa9
2394,M_ID_af97ff75b7
2395,M_ID_7c3143351f
2396,M_ID_e8eddaec5e
2397,M_ID_14971ecb3f
2398,M_ID_d026ef63a4
2399,M_ID_0933e12aff
2400,M_ID_655d9223b6
2401,M_ID_b9a4f1567a
2402,M_ID_c526d25689
2403,M_ID_8efd91cd22
2404,M_ID_409ffe154a
2405,M_ID_ce519adc48
2406,M_ID_d74ae237bf
2407,M_ID_afe10f1875
2408,M_ID_911cd4e69c
2409,M_ID_0c7688854e
2410,M_ID_698f08aafe
2411,M_ID_6343956a89
2412,M_ID_0ced82282b
2413,M_ID_f074ba5671
2414,M_ID_5646bca85e
2415,M_ID_dc495deab8
2416,M_ID_679c074d92
2417,M_ID_319c6ed0ef
2418,M_ID_5af1e1b33a
2419,M_ID_60bbb73694
2420,M_ID_73c6c6f97d
2421,M_ID_5d6793acf6
2422,M_ID_7887e7cf9e
2423,M_ID_5976ee49b1
2424,M_ID_3b0c419bd2
2425,M_ID_4fc0129fa7
2426,M_ID_a034652bd2
2427,M_ID_b92b748dc8
2428,M_ID_4404069614
2429,M_ID_55b3fca422
2430,M_ID_3a62960cb2
2431,M_ID_06073cb578
2432,M_ID_03883a9a93
2433,M_ID_bf3fba2224
2434,M_ID_af3ee17e09
2435,M_ID_f3df922330
2436,M_ID_19181529c2
2437,M_ID_08a3eb749d
2438,M_ID_fe67f46eee
2439,M_ID_7626ba2fb5
2440,M_ID_31088b0556
2441,M_ID_65c3f6c753
2442,M_ID_d27320973a
2443,M_ID_f35328bcc9
2444,M_ID_66c24bd9da
2445,M_ID_c7adf159cc
2446,M_ID_c157f5dfcd
2447,M_ID_483d8e022d
2448,M_ID_aad62ff0b6
2449,M_ID_88e1391ee3
2450,M_ID_118c559462
2451,M_ID_a75888d8e3
2452,M_ID_f66bb7d713
2453,M_ID_48121922b4
2454,M_ID_1c98b8d98b
2455,M_ID_40983dc704
2456,M_ID_f0f574ab0e
2457,M_ID_93c3e5995e
2458,M_ID_30dd3d4c77
2459,M_ID_d2c027b7fe
2460,M_ID_573eeebcbe
2461,M_ID_d987bb2a1e
2462,M_ID_e729d0af9a
2463,M_ID_eeb00302c0
2464,M_ID_14ab9718ec
2465,M_ID_7cb7a16ea4
2466,M_ID_a76d51903a
2467,M_ID_7c6e70e813
2468,M_ID_8db0cd5ab5
2469,M_ID_1f7da3bd0f
2470,M_ID_bab2c5d92d
2471,M_ID_6007aba93f
2472,M_ID_9ecc564fa9
2473,M_ID_2173d6ec2f
2474,M_ID_c06d7d6ae7
2475,M_ID_0af0aeeb19
2476,M_ID_8167d55773
2477,M_ID_a21a72ffb3
2478,M_ID_3464fc51ec
2479,M_ID_237d4f3b49
2480,M_ID_529f92d40a
2481,M_ID_acbc429862
2482,M_ID_47a9ad6a40
2483,M_ID_424f8404ee
2484,M_ID_c0d4375af3
2485,M_ID_7fa2c21c00
2486,M_ID_c65d0cbae9
2487,M_ID_f710654e96
2488,M_ID_5af47db9a9
2489,M_ID_1fef133d87
2490,M_ID_baa40c8e8d
2491,M_ID_24a0964ef3
2492,M_ID_db08d3380e
2493,M_ID_96d827d736
2494,M_ID_2ee2845b69
2495,M_ID_4f6881e863
2496,M_ID_44eafe0ce8
2497,M_ID_6453ebdc68
2498,M_ID_bf5feeb3fe
2499,M_ID_55fd23e6be
2500,M_ID_d2cbbd21ed
2501,M_ID_b7dc63fdae
2502,M_ID_a0cdee790e
2503,M_ID_425a5fa1c5
2504,M_ID_6c802e0223
2505,M_ID_3f052b2dfb
2506,M_ID_5bf214f426
2507,M_ID_427a05ce5a
2508,M_ID_7510452562
2509,M_ID_18f1417a21
2510,M_ID_324be8ee75
2511,M_ID_ff0201ace3
2512,M_ID_ad2c252f7f
2513,M_ID_98ac05841b
2514,M_ID_4eee3c711e
2515,M_ID_fa4f2fd4a7
2516,M_ID_6d412686af
2517,M_ID_ba7d5ce0b4
2518,M_ID_f29ed1b262
2519,M_ID_216e2076b7
2520,M_ID_ddda120025
2521,M_ID_9b84b39b59
2522,M_ID_ea81cb7f5d
2523,M_ID_683bbe6945
2524,M_ID_e6e91c8bfa
2525,M_ID_262b26c934
2526,M_ID_029ccac6e9
2527,M_ID_a7434402f8
2528,M_ID_3afd821527
2529,M_ID_b2a6b476ab
2530,M_ID_3d100a91ba
2531,M_ID_809eb77ccf
2532,M_ID_066a26ee09
2533,M_ID_96dde590d2
2534,M_ID_e62726136a
2535,M_ID_f75feeac3e
2536,M_ID_b1abccc66d
2537,M_ID_be38c1e383
2538,M_ID_6e2d0b5fa6
2539,M_ID_186ab0a381
2540,M_ID_e61b046545
2541,M_ID_d7f5ffef9a
2542,M_ID_ea20d85f2e
2543,M_ID_f0b0e7aa93
2544,M_ID_a2dc7b2a01
2545,M_ID_25bcdd77f5
2546,M_ID_0e04519954
2547,M_ID_a814a744aa
2548,M_ID_e66813ba15
2549,M_ID_dfb7a83da6
2550,M_ID_223b1f61c8
2551,M_ID_18bed8401d
2552,M_ID_ae0c490ccf
2553,M_ID_0405ff7f47
2554,M_ID_d6ec4bcecb
2555,M_ID_92152436fa
2556,M_ID_8ac5233d68
2557,M_ID_2c1022bf07
2558,M_ID_b826fa55ee
2559,M_ID_8f501f006b
2560,M_ID_9e48a6c790
2561,M_ID_9c01958b21
2562,M_ID_d2b67d5a5f
2563,M_ID_09ac82cf0f
2564,M_ID_28a3bfc6f3
2565,M_ID_eaa7e53f81
2566,M_ID_0c500994ef
2567,M_ID_f86b1ecd2f
2568,M_ID_c1d05abab8
2569,M_ID_d9e46577f7
2570,M_ID_59826b7cf8
2571,M_ID_8e9c4a0b5c
2572,M_ID_7699482551
2573,M_ID_97d10ead67
2574,M_ID_843d280566
2575,M_ID_5fdead0f40
2576,M_ID_649c432990
2577,M_ID_cda67c1743
2578,M_ID_3e077ee20a
2579,M_ID_a1064d20c2
2580,M_ID_339d2e2395
2581,M_ID_69d2508522
2582,M_ID_211ac6d8a0
2583,M_ID_74027ceb28
2584,M_ID_56bb998d58
2585,M_ID_e6b9abe1a2
2586,M_ID_b06efdf861
2587,M_ID_f9aa4bc2eb
2588,M_ID_4d9c5f9cbc
2589,M_ID_a215bec54b
2590,M_ID_7ee43ccccd
2591,M_ID_de5a9800e2
2592,M_ID_555e57761d
2593,M_ID_6ce691c5e9
2594,M_ID_ff1e3c9eb4
2595,M_ID_e655604ade
2596,M_ID_a9a916f79b
2597,M_ID_517b150895
2598,M_ID_8daaa77a32
2599,M_ID_89c0e263dd
2600,M_ID_6a0ce91ffe
2601,M_ID_4db510c4f0
2602,M_ID_737c4043b6
2603,M_ID_024dd0a0ea
2604,M_ID_8af2d7266d
2605,M_ID_86f8d19db7
2606,M_ID_5fadf29276
2607,M_ID_bb8dd70ad8
2608,M_ID_88ed4e5bce
2609,M_ID_7ef7e953bc
2610,M_ID_3b49192afb
2611,M_ID_cebda401b3
2612,M_ID_98f93dda33
2613,M_ID_9c5acaea0d
2614,M_ID_b5eb56dbef
2615,M_ID_0a82287647
2616,M_ID_f7a37a1c65
2617,M_ID_86aee9e814
2618,M_ID_f2239c06f6
2619,M_ID_42a7c535e5
2620,M_ID_66721f4d13
2621,M_ID_5be1bb2ab2
2622,M_ID_3561d8eaa8
2623,M_ID_979ee06fe0
2624,M_ID_401162fe3e
2625,M_ID_67f1e01d0d
2626,M_ID_9c517f0831
2627,M_ID_baa1ac36f3
2628,M_ID_3bd6da25a6
2629,M_ID_e33a577653
2630,M_ID_29b4ebcdbf
2631,M_ID_e890eb6e05
2632,M_ID_52a158a914
2633,M_ID_ba28d28407
2634,M_ID_6c263be859
2635,M_ID_41a1bddd6b
2636,M_ID_98f78e6ec9
2637,M_ID_c064f4e7c8
2638,M_ID_ad1823d3af
2639,M_ID_3ff877e637
2640,M_ID_9d9417e7d3
2641,M_ID_528f82647e
2642,M_ID_5371c9cc07
2643,M_ID_61b30431fb
2644,M_ID_e03988df8f
2645,M_ID_65cb3b0f0d
2646,M_ID_1889ba31ea
2647,M_ID_a5796c83c8
2648,M_ID_1c1a92e037
2649,M_ID_c61bd707bd
2650,M_ID_45386aab5f
2651,M_ID_026cbc6f1d
2652,M_ID_72ca974759
2653,M_ID_4ee1bc5304
2654,M_ID_96ccbe9aea
2655,M_ID_af0e8f4274
2656,M_ID_79d5f401b4
2657,M_ID_aa1ab04648
2658,M_ID_2364b6d453
2659,M_ID_f8b546712d
2660,M_ID_2f3ce97fdc
2661,M_ID_d36d4f0ab9
2662,M_ID_b2963763c4
2663,M_ID_2e1ed7ab23
2664,M_ID_4205e40bbf
2665,M_ID_28371a1fef
2666,M_ID_85c5da9fdc
2667,M_ID_01f618ee3f
2668,M_ID_b48767a3d5
2669,M_ID_c27f286d19
2670,M_ID_487d826c05
2671,M_ID_af68ba530c
2672,M_ID_e2d63cbaac
2673,M_ID_4cd0409dc9
2674,M_ID_241bdf0f54
2675,M_ID_9e03a067ce
2676,M_ID_c8357c52ce
2677,M_ID_892981d5b0
2678,M_ID_7cdce4c1e2
2679,M_ID_f559e029c8
2680,M_ID_52b8e15911
2681,M_ID_b280b620a4
2682,M_ID_ddd9f87884
2683,M_ID_657e69c185
2684,M_ID_ae3ce09fc4
2685,M_ID_70e129abe4
2686,M_ID_44643cb11b
2687,M_ID_8cb9b743dd
2688,M_ID_ca7ca4cf4b
2689,M_ID_16fe032938
2690,M_ID_c2b25b6e3d
2691,M_ID_3fe56094b0
2692,M_ID_2fe400909c
2693,M_ID_72e254b12a
2694,M_ID_855c5ea27c
2695,M_ID_dbe00b6fc7
2696,M_ID_fdaf8a98b7
2697,M_ID_b1d2aec4b9
2698,M_ID_0382a50232
2699,M_ID_a100f5b6f1
2700,M_ID_0706b2c2ac
2701,M_ID_69c44e9453
2702,M_ID_6c2627781f
2703,M_ID_d793179b52
2704,M_ID_81482b033d
2705,M_ID_25a54a0bd0
2706,M_ID_01024b7fde
2707,M_ID_a01ded2b15
2708,M_ID_5f43b89bc9
2709,M_ID_b4bb7ed60f
2710,M_ID_01a449b2d2
2711,M_ID_d2b258fdf5
2712,M_ID_ee80a43814
2713,M_ID_deedec6a6d
2714,M_ID_88f1efe9fe
2715,M_ID_db0e727b1b
2716,M_ID_bf906d5076
2717,M_ID_d83ebe056a
2718,M_ID_3275a1c7bc
2719,M_ID_82568f4b5d
2720,M_ID_68e77dbc4d
2721,M_ID_811ca7bd14
2722,M_ID_6b06732813
2723,M_ID_608e1a9525
2724,M_ID_2f996d2c4e
2725,M_ID_1557def259
2726,M_ID_af6aa397e0
2727,M_ID_7bea5c449c
2728,M_ID_d4ee9efea0
2729,M_ID_335dcfe82a
2730,M_ID_055635d94e
2731,M_ID_847d228b09
2732,M_ID_63e8cb6879
2733,M_ID_94fbcc5eab
2734,M_ID_5f53849c95
2735,M_ID_d980e0093e
2736,M_ID_fba2a288aa
2737,M_ID_fe795e15cd
2738,M_ID_f170afe177
2739,M_ID_cc0537e7ce
2740,M_ID_f89c1ef5c8
2741,M_ID_8d0a2ddab1
2742,M_ID_5052ff9550
2743,M_ID_8bf6b15242
2744,M_ID_7417049e7c
2745,M_ID_c146aad332
2746,M_ID_fef2b2e4e6
2747,M_ID_9c770df3a0
2748,M_ID_b89e2bec0f
2749,M_ID_a0c79716ff
2750,M_ID_c88880640f
2751,M_ID_e9cd6168f0
2752,M_ID_eab939a591
2753,M_ID_caafed2898
2754,M_ID_3d88ac3aab
2755,M_ID_e7557a9c2b
2756,M_ID_c360bc5555
2757,M_ID_967394d0cc
2758,M_ID_43e06beb82
2759,M_ID_7c0fee0be3
2760,M_ID_284d518cd7
2761,M_ID_bb21dc5b77
2762,M_ID_a05fbc96df
2763,M_ID_5f3104f1a7
2764,M_ID_5c443909ae
2765,M_ID_4b0414cfca
2766,M_ID_d2cdd3e956
2767,M_ID_01caa0ece2
2768,M_ID_a21e0ba01d
2769,M_ID_ff827c6234
2770,M_ID_e7f0066c6b
2771,M_ID_d14252c2e5
2772,M_ID_41715933ac
2773,M_ID_059f31c35e
2774,M_ID_a5db7afcfe
2775,M_ID_916c2db9e1
2776,M_ID_2705e0a801
2777,M_ID_d24f934827
2778,M_ID_c4e4008764
2779,M_ID_e6b12e1a42
2780,M_ID_b39126a8b4
2781,M_ID_2ee39f548c
2782,M_ID_cfd05f1420
2783,M_ID_a5352cd99b
2784,M_ID_69c8811fde
2785,M_ID_fbcecf3f16
2786,M_ID_7a17fb8d7d
2787,M_ID_2c56a08231
2788,M_ID_36ecfbd8e7
2789,M_ID_ea2c118f8e
2790,M_ID_1869f7d28e
2791,M_ID_e770b0279a
2792,M_ID_0e04ca3b35
2793,M_ID_1c48a83907
2794,M_ID_366149d75b
2795,M_ID_5f660076d0
2796,M_ID_43117159b8
2797,M_ID_d5793717ab
2798,M_ID_669bf184d6
2799,M_ID_4cfb736e51
2800,M_ID_46655b6933
2801,M_ID_105bdda118
2802,M_ID_2e2fc65153
2803,M_ID_6d7d7c0a69
2804,M_ID_c1cb1fb089
2805,M_ID_405c2ffa63
2806,M_ID_bf2b982316
2807,M_ID_6033c87ff1
2808,M_ID_2c3a6c6200
2809,M_ID_1e01231dd7
2810,M_ID_e7995dcdb2
2811,M_ID_3bb65f7962
2812,M_ID_fc549b2632
2813,M_ID_2f554bfaa5
2814,M_ID_560946025d
2815,M_ID_07103805f4
2816,M_ID_3bcf224316
2817,M_ID_f38a133bbb
2818,M_ID_01cd561892
2819,M_ID_e7f363d825
2820,M_ID_bdaca57c56
2821,M_ID_c84a9e1457
2822,M_ID_c198f9436c
2823,M_ID_e03e9f2189
2824,M_ID_407b88a299
2825,M_ID_fc0e0e1980
2826,M_ID_8d758ea6a6
2827,M_ID_90afafb21c
2828,M_ID_cfd9e84db4
2829,M_ID_38050319be
2830,M_ID_9a27a62efb
2831,M_ID_9906bf5c2e
2832,M_ID_7b1da16bfe
2833,M_ID_4faa37ee29
2834,M_ID_3dc74d4adc
2835,M_ID_f98f65952f
2836,M_ID_40a0090ffe
2837,M_ID_334ccfb1a9
2838,M_ID_31df643d50
2839,M_ID_48fbec8df9
2840,M_ID_8cfbd8b7b1
2841,M_ID_efdf00bc06
2842,M_ID_24f4055bec
2843,M_ID_7f1ba91f56
2844,M_ID_26b7f05a7b
2845,M_ID_caef8b5451
2846,M_ID_9478836c4f
2847,M_ID_da7df2caa5
2848,M_ID_63a16a9205
2849,M_ID_873afa36db
2850,M_ID_f629b45048
2851,M_ID_defe9c117f
2852,M_ID_a6d07e99e7
2853,M_ID_043280035a
2854,M_ID_c50467d047
2855,M_ID_b74a61bb4f
2856,M_ID_50eed01fe8
2857,M_ID_6a9480ddc5
2858,M_ID_6ea3b7db63
2859,M_ID_73c360d8d1
2860,M_ID_5eab06101c
2861,M_ID_1bfba3fdd2
2862,M_ID_81a29965a0
2863,M_ID_0ff27b5f67
2864,M_ID_c284791d0d
2865,M_ID_4cfb3ef56f
2866,M_ID_1cfde41640
2867,M_ID_07d71b19a3
2868,M_ID_ee0968ed16
2869,M_ID_73c5f772a4
2870,M_ID_38ce345182
2871,M_ID_6c3483fe58
2872,M_ID_339d7e5ce4
2873,M_ID_dd2acaa17c
2874,M_ID_0ad362afe2
2875,M_ID_66f2070fc8
2876,M_ID_d077ffc4e4
2877,M_ID_a0f89af3eb
2878,M_ID_b5527983a6
2879,M_ID_55403e452f
2880,M_ID_fd82273490
2881,M_ID_84ed0ce4b9
2882,M_ID_9516584a72
2883,M_ID_fb8799de0a
2884,M_ID_8287f109e5
2885,M_ID_22969d2c88
2886,M_ID_994bc7dc4c
2887,M_ID_18e930969a
2888,M_ID_5e5e421d44
2889,M_ID_7dede884a8
2890,M_ID_0c6ba0fe2c
2891,M_ID_0d0a3ee741
2892,M_ID_76c16c6416
2893,M_ID_e166825bbf
2894,M_ID_a97b4688ea
2895,M_ID_00e77dda87
2896,M_ID_bdb6c069a1
2897,M_ID_bafb5c12e1
2898,M_ID_499a56ad65
2899,M_ID_558d2481bf
2900,M_ID_b0cc44040e
2901,M_ID_dfaf65ec76
2902,M_ID_424f85c550
2903,M_ID_ec819ad11f
2904,M_ID_9e5dce0067
2905,M_ID_7de3818d13
2906,M_ID_df338e1f34
2907,M_ID_7780664371
2908,M_ID_2a620246bb
2909,M_ID_f928271aea
2910,M_ID_9e8b327271
2911,M_ID_322d5d8f4b
2912,M_ID_2254c95722
2913,M_ID_3c51a653ee
2914,M_ID_867f493b5a
2915,M_ID_d753980885
2916,M_ID_299b500ae3
2917,M_ID_ada9c4fde1
2918,M_ID_ca640a38f1
2919,M_ID_9590ee45fa
2920,M_ID_3801bc5123
2921,M_ID_3c6738f5a0
2922,M_ID_728a009388
2923,M_ID_bafa72c725
2924,M_ID_661a47efda
2925,M_ID_da61f8421a
2926,M_ID_4119a7fc78
2927,M_ID_a2c7c977bc
2928,M_ID_40661f68e7
2929,M_ID_14a1c848cb
2930,M_ID_9daaec365d
2931,M_ID_1245fd77da
2932,M_ID_a96777e6a3
2933,M_ID_85af8b1cfd
2934,M_ID_e7bf77568e
2935,M_ID_34f5729ae0
2936,M_ID_d9adb8b3a8
2937,M_ID_13102162f2
2938,M_ID_3cba0a9551
2939,M_ID_2e19ba5781
2940,M_ID_b295914b28
2941,M_ID_1cdebd5681
2942,M_ID_598724f973
2943,M_ID_279c00e683
2944,M_ID_414d3dcc25
2945,M_ID_3ee5007eb0
2946,M_ID_485f57fc8b
2947,M_ID_c713c6d472
2948,M_ID_a1bc8f13eb
2949,M_ID_7ef7f0b2d5
2950,M_ID_4a10553b56
2951,M_ID_6d354c5070
2952,M_ID_597d5bcf37
2953,M_ID_fef6553d93
2954,M_ID_e8d1579bb2
2955,M_ID_3f3215e293
2956,M_ID_d45e95ca75
2957,M_ID_292a38f5c8
2958,M_ID_6079059194
2959,M_ID_8570127987
2960,M_ID_2854892c46
2961,M_ID_44a98bf1d6
2962,M_ID_e2665d7ab8
2963,M_ID_8774fe9957
2964,M_ID_b57b276210
2965,M_ID_a13a9b21a7
2966,M_ID_32d73b8ecf
2967,M_ID_0a33853e79
2968,M_ID_d6ccc9ca0a
2969,M_ID_a2918d74de
2970,M_ID_3284cc8d96
2971,M_ID_13a3d2958a
2972,M_ID_4ff92d4a10
2973,M_ID_a8808bc647
2974,M_ID_5039362ddf
2975,M_ID_38e20c41e6
2976,M_ID_a0bb24fd78
2977,M_ID_7e201812a1
2978,M_ID_614f3cec0d
2979,M_ID_599b4f0b18
2980,M_ID_351233a20d
2981,M_ID_1b3ffc38f0
2982,M_ID_6d832e9cca
2983,M_ID_16bb8c29fb
2984,M_ID_23a1026052
2985,M_ID_3a246a8130
2986,M_ID_e4abf1e1ad
2987,M_ID_93bbadc69a
2988,M_ID_281f39dfda
2989,M_ID_b42302d015
2990,M_ID_873c6de89f
2991,M_ID_d673f808e6
2992,M_ID_902d78fc1b
2993,M_ID_63f0deca9c
2994,M_ID_89039dc804
2995,M_ID_5d1d88fd09
2996,M_ID_b850d57246
2997,M_ID_b2ccdbf0eb
2998,M_ID_fa28398100
2999,M_ID_0687129d3e
3000,M_ID_6a2cabc43f
3001,M_ID_ca24e225d1
3002,M_ID_a26a6b08bf
3003,M_ID_25b5f38298
3004,M_ID_35c312802b
3005,M_ID_8224e7b058
3006,M_ID_24c7316215
3007,M_ID_97798859b3
3008,M_ID_1283d2f1e6
3009,M_ID_c28cec692c
3010,M_ID_beec7cd83a
3011,M_ID_ce6b97d64f
3012,M_ID_320a41636d
3013,M_ID_a79b0d4454
3014,M_ID_66999cbc6c
3015,M_ID_ede726af44
3016,M_ID_238da89bc4
3017,M_ID_2d296da146
3018,M_ID_3e7c83eb24
3019,M_ID_70b95161c6
3020,M_ID_61f18ad3e8
3021,M_ID_1187fb3611
3022,M_ID_f5efeb1c94
3023,M_ID_1fb0d5328e
3024,M_ID_c938377acc
3025,M_ID_e186b9a630
3026,M_ID_1b1d7b7bd3
3027,M_ID_e500693d07
3028,M_ID_cd36f6b3cb
3029,M_ID_f95bfeac6d
3030,M_ID_94df95ac18
3031,M_ID_878160b4e5
3032,M_ID_879a9ac204
3033,M_ID_91ebad199d
3034,M_ID_85b5032a80
3035,M_ID_566b563b06
3036,M_ID_4f30517ef5
3037,M_ID_3cc3e88d41
3038,M_ID_f7d1333943
3039,M_ID_ca042157c8
3040,M_ID_9bdebdef94
3041,M_ID_eb36b6ccf1
3042,M_ID_d42457c919
3043,M_ID_13040c58a7
3044,M_ID_3d666a861e
3045,M_ID_b1bba68526
3046,M_ID_6424449ea6
3047,M_ID_b4bf46c84a
3048,M_ID_53872af046
3049,M_ID_92f7c90429
3050,M_ID_5264f1218e
3051,M_ID_37513ec68c
3052,M_ID_fae0291857
3053,M_ID_a8767b29ef
3054,M_ID_0745594a9a
3055,M_ID_74016c7e98
3056,M_ID_3ccf19d4ac
3057,M_ID_a0905a5d68
3058,M_ID_043ca2e4bc
3059,M_ID_3d1b9a8311
3060,M_ID_dbca29bbaa
3061,M_ID_6b4054066a
3062,M_ID_4bfe002de2
3063,M_ID_adad6bbea7
3064,M_ID_6240a5cedf
3065,M_ID_8f5dcd3123
3066,M_ID_03dccf907f
3067,M_ID_9817ebe4a0
3068,M_ID_a3623e2cb0
3069,M_ID_77ad6646a4
3070,M_ID_99b1bfba89
3071,M_ID_c8c6df5776
3072,M_ID_116cf41d0d
3073,M_ID_ad0726cd33
3074,M_ID_49eff9dcc9
3075,M_ID_ee647d10dd
3076,M_ID_99c00520a2
3077,M_ID_938160a1f4
3078,M_ID_f124d93d34
3079,M_ID_489ac74e62
3080,M_ID_b17e7d4cb2
3081,M_ID_174df4bc88
3082,M_ID_3a3cf2a496
3083,M_ID_a699519287
3084,M_ID_5f1467c490
3085,M_ID_15652d6361
3086,M_ID_800f327782
3087,M_ID_61571343c6
3088,M_ID_1e2897af97
3089,M_ID_3d7f0b0a18
3090,M_ID_2e8d4fb5cc
3091,M_ID_161b8b5f64
3092,M_ID_1c0bbff2b4
3093,M_ID_d89183a8d6
3094,M_ID_4279531c03
3095,M_ID_dccbd50bf6
3096,M_ID_3eda3af10e
3097,M_ID_89c3fd3e7d
3098,M_ID_48d6878271
3099,M_ID_193cc437e4
3100,M_ID_39a4ca331d
3101,M_ID_5d6817cc02
3102,M_ID_08b99ab6d3
3103,M_ID_6263c942fc
3104,M_ID_5c53d374de
3105,M_ID_b41de1c7b7
3106,M_ID_899ef66c3c
3107,M_ID_6a4f88268c
3108,M_ID_2a95f15aeb
3109,M_ID_7ce41bb739
3110,M_ID_0b30753e0c
3111,M_ID_ced3a6a316
3112,M_ID_d29c5c95b5
3113,M_ID_197fb8059b
3114,M_ID_23eefac023
3115,M_ID_e1617cff88
3116,M_ID_952830fae7
3117,M_ID_cd9b8da8df
3118,M_ID_9c5e445325
3119,M_ID_0a00fa9e8a
3120,M_ID_b9364cb887
3121,M_ID_b8508b7382
3122,M_ID_54bd24726d
3123,M_ID_05ee6f42c7
3124,M_ID_87a9c5d8e7
3125,M_ID_153baaed1c
3126,M_ID_1407f1a20a
3127,M_ID_6c217beb4a
3128,M_ID_5145fc9a61
3129,M_ID_8c7cf8d423
3130,M_ID_2950bacaa6
3131,M_ID_3e8a49e762
3132,M_ID_6f45fbd1ba
3133,M_ID_f370f85c78
3134,M_ID_56db18ae25
3135,M_ID_8723480779
3136,M_ID_a6b7703676
3137,M_ID_13831c603e
3138,M_ID_740b9d963f
3139,M_ID_1b2d708f55
3140,M_ID_6ac484764f
3141,M_ID_f10a9e3b92
3142,M_ID_ef9c790614
3143,M_ID_c3db5a5bec
3144,M_ID_c7869598b7
3145,M_ID_00d8d1e729
3146,M_ID_1abb4c00be
3147,M_ID_97ee49b74b
3148,M_ID_a19a8392cb
3149,M_ID_576423505c
3150,M_ID_b50c99f9a7
3151,M_ID_5f4fc8766b
3152,M_ID_ddc9d1a58c
3153,M_ID_1a0c0453a0
3154,M_ID_a4b16b67cd
3155,M_ID_80523ca53f
3156,M_ID_ad99fca9ef
3157,M_ID_d4f529018e
3158,M_ID_e708071f25
3159,M_ID_c6cf4c525d
3160,M_ID_9834d40b68
3161,M_ID_d69f28088e
3162,M_ID_f8886b82c7
3163,M_ID_ea965d15dd
3164,M_ID_2022ba7228
3165,M_ID_fd74e6fa0f
3166,M_ID_d0e7485eec
3167,M_ID_c1d171cdf9
3168,M_ID_6a986415af
3169,M_ID_5be89bfbd3
3170,M_ID_438fdc0b48
3171,M_ID_9a9bec30e5
3172,M_ID_8f9deee432
3173,M_ID_39c20c9d3f
3174,M_ID_ffb609c98a
3175,M_ID_105f0ae7d4
3176,M_ID_5a3640c9ef
3177,M_ID_f87561ed40
3178,M_ID_05c441fb35
3179,M_ID_e8706b073c
3180,M_ID_28547c9108
3181,M_ID_f4f070a8c1
3182,M_ID_1044e7b8c6
3183,M_ID_694bb6936d
3184,M_ID_419a518c19
3185,M_ID_fdc8379386
3186,M_ID_d1a10c20d6
3187,M_ID_e4cc5e79d4
3188,M_ID_5ccaec09f0
3189,M_ID_cc249c9d31
3190,M_ID_d116ab803b
3191,M_ID_07a02530e0
3192,M_ID_6759772cfa
3193,M_ID_c869a7dec9
3194,M_ID_604d0d68c0
3195,M_ID_3754cbdac9
3196,M_ID_02b5a44cc0
3197,M_ID_75ea8e4266
3198,M_ID_3da0ed2c99
3199,M_ID_aed8d06b2b
3200,M_ID_4ce5442807
3201,M_ID_a21e0231c8
3202,M_ID_60055661e4
3203,M_ID_f977c7638b
3204,M_ID_11697680d1
3205,M_ID_4c251681ba
3206,M_ID_72b60bf4a0
3207,M_ID_7a30310c79
3208,M_ID_722ac92429
3209,M_ID_7da4ace3bb
3210,M_ID_c985d5483c
3211,M_ID_4a4ae8c4d7
3212,M_ID_a1296383e7
3213,M_ID_36a9cbb035
3214,M_ID_0ec5b8d1ed
3215,M_ID_54be1e3a05
3216,M_ID_3a5e662c20
3217,M_ID_2167a5d28f
3218,M_ID_4ec3e4b189
3219,M_ID_0bd7e407ee
3220,M_ID_edf47b03f2
3221,M_ID_730e447f44
3222,M_ID_1ada9f36cf
3223,M_ID_b1d05d716e
3224,M_ID_701a437a55
3225,M_ID_fa45d4d943
3226,M_ID_6b4ea31aad
3227,M_ID_e19620e3ba
3228,M_ID_c3547a83a9
3229,M_ID_427fe51303
3230,M_ID_f6a1c68014
3231,M_ID_38f114653e
3232,M_ID_b53d61a034
3233,M_ID_2a6d25edc4
3234,M_ID_e01692cbc6
3235,M_ID_6c0dfc3b94
3236,M_ID_219fef517a
3237,M_ID_83f321beda
3238,M_ID_31b8707964
3239,M_ID_f98e7491b2
3240,M_ID_a42cf2b6f7
3241,M_ID_8831375197
3242,M_ID_205716f068
3243,M_ID_2a556a85a7
3244,M_ID_70e4689270
3245,M_ID_5e1967f083
3246,M_ID_7453959c9b
3247,M_ID_a5a98e16c5
3248,M_ID_9993698a07
3249,M_ID_d9a2ff2641
3250,M_ID_cc353fbc1e
3251,M_ID_36e6fbfac3
3252,M_ID_01a0e65616
3253,M_ID_210e431a15
3254,M_ID_9f9da2d7fd
3255,M_ID_9c201d4291
3256,M_ID_c417929137
3257,M_ID_274f48899f
3258,M_ID_9783fa2185
3259,M_ID_bb601f6580
3260,M_ID_644a8b1825
3261,M_ID_f09c35e001
3262,M_ID_12f568f824
3263,M_ID_4f5a452687
3264,M_ID_29dbab816a
3265,M_ID_1e0a03712c
3266,M_ID_6d1b5f4d72
3267,M_ID_f0b407bb95
3268,M_ID_7f91939dec
3269,M_ID_f1e2119f96
3270,M_ID_940fdf9660
3271,M_ID_830f2011f4
3272,M_ID_c6dfb4dc54
3273,M_ID_4050be9ae2
3274,M_ID_7815db0db2
3275,M_ID_5dc51cc9db
3276,M_ID_53f6eb23ee
3277,M_ID_ccacb09c80
3278,M_ID_324f253369
3279,M_ID_1a63bab45f
3280,M_ID_9c99c4072d
3281,M_ID_47476e4964
3282,M_ID_57a2965d76
3283,M_ID_6f898af13b
3284,M_ID_8f9b459b03
3285,M_ID_458dc0cf89
3286,M_ID_1dd126a522
3287,M_ID_c10afa8a05
3288,M_ID_a3309c4342
3289,M_ID_481ca6e3e6
3290,M_ID_a4738225b9
3291,M_ID_ed020220a5
3292,M_ID_b55ce30ebc
3293,M_ID_136251c2e6
3294,M_ID_b6d0cd0430
3295,M_ID_3fa75bf6b6
3296,M_ID_8b849efb63
3297,M_ID_311f848709
3298,M_ID_8765e17712
3299,M_ID_2accf14a0f
3300,M_ID_e0a462a601
3301,M_ID_916a3e0021
3302,M_ID_fd873029df
3303,M_ID_7d3219d32c
3304,M_ID_b0fcf34083
3305,M_ID_5bea41c2b0
3306,M_ID_d187ba9145
3307,M_ID_b3271930b6
3308,M_ID_faaf6792b1
3309,M_ID_e4922a9fa4
3310,M_ID_f49593a71a
3311,M_ID_fc25d4c0a0
3312,M_ID_2d2d9175a8
3313,M_ID_7154471480
3314,M_ID_991ebbb481
3315,M_ID_82ac99fa28
3316,M_ID_0f8042ab47
3317,M_ID_4d4ca76690
3318,M_ID_dc0ee983e1
3319,M_ID_ffe9c6082c
3320,M_ID_21f842b572
3321,M_ID_546bee3cef
3322,M_ID_9bcb333805
3323,M_ID_9999c26db0
3324,M_ID_6bc060ee6f
3325,M_ID_2b14728198
3326,M_ID_76fe58a7df
3327,M_ID_515a390a41
3328,M_ID_e6f8dca8af
3329,M_ID_1fc196f89a
3330,M_ID_910528a8d5
3331,M_ID_472b1b2b44
3332,M_ID_1444e9ed65
3333,M_ID_43418b5525
3334,M_ID_5533129e5f
3335,M_ID_af686ed467
3336,M_ID_f756360309
3337,M_ID_9c42f0a080
3338,M_ID_2f830a53ae
3339,M_ID_0de8684cd7
3340,M_ID_ce9c3beb07
3341,M_ID_e9f5e6e170
3342,M_ID_d21f9c9c4c
3343,M_ID_9caa105526
3344,M_ID_9be757e0ba
3345,M_ID_57e6b6ab8e
3346,M_ID_7a350d4881
3347,M_ID_3970925606
3348,M_ID_5449c6cad6
3349,M_ID_9ec6cc16f3
3350,M_ID_e45fa3e92a
3351,M_ID_9a70d92804
3352,M_ID_3a6b5ff45b
3353,M_ID_a87f37f838
3354,M_ID_5af8eaeaf2
3355,M_ID_1a73598138
3356,M_ID_4bbd0bcec9
3357,M_ID_611e52fc0a
3358,M_ID_c5bd099904
3359,M_ID_27dd9c69a6
3360,M_ID_b8638f7dcf
3361,M_ID_b9d6f409af
3362,M_ID_aea7080c81
3363,M_ID_b8a55585bf
3364,M_ID_f1c9c9286a
3365,M_ID_df6069745a
3366,M_ID_10440ec45e
3367,M_ID_448a103a02
3368,M_ID_846ecaab04
3369,M_ID_f858669b7e
3370,M_ID_2148c05321
3371,M_ID_06c7aaded4
3372,M_ID_1b11a90270
3373,M_ID_ac0fc1fb76
3374,M_ID_cc4912659b
3375,M_ID_2023f62656
3376,M_ID_6fc7130476
3377,M_ID_a3969f28c8
3378,M_ID_ad50b8d359
3379,M_ID_905d5b1beb
3380,M_ID_9a84142af5
3381,M_ID_17b27a5ec4
3382,M_ID_c9ca931038
3383,M_ID_9b49b41cf9
3384,M_ID_0811675636
3385,M_ID_4899b40af4
3386,M_ID_16aec7d2cd
3387,M_ID_b1e67ee5c0
3388,M_ID_664ad1a277
3389,M_ID_7a77d6f342
3390,M_ID_276dbadae7
3391,M_ID_971afe1537
3392,M_ID_33b27c755c
3393,M_ID_d4285542c6
3394,M_ID_c55eb8b880
3395,M_ID_682dd5814e
3396,M_ID_1aeb188840
3397,M_ID_79b20f1285
3398,M_ID_2450236748
3399,M_ID_1856e5d4cc
3400,M_ID_94ef2ce857
3401,M_ID_a9df1c7d61
3402,M_ID_3999445ce9
3403,M_ID_c68dce28f8
3404,M_ID_41aacc32f5
3405,M_ID_f687028bd9
3406,M_ID_e9e0582a00
3407,M_ID_2726dd4a72
3408,M_ID_e84c8fe39a
3409,M_ID_f309e1a2dc
3410,M_ID_01fc42e976
3411,M_ID_a8ff9ff49b
3412,M_ID_f230755c81
3413,M_ID_49936f87ae
3414,M_ID_f716096ef4
3415,M_ID_bf0c3688c4
3416,M_ID_db12dcc909
3417,M_ID_222b2972cc
3418,M_ID_5a934d99c3
3419,M_ID_b7ad78e8f9
3420,M_ID_cb9c2a8ba9
3421,M_ID_26d4fadb60
3422,M_ID_fca16f993d
3423,M_ID_27861bbbd5
3424,M_ID_b93df6e658
3425,M_ID_f71ab2e629
3426,M_ID_0f7e6b532d
3427,M_ID_606e0126b4
3428,M_ID_39b0e25c36
3429,M_ID_7038426287
3430,M_ID_eb79d7e5c0
3431,M_ID_ccf4d8c85e
3432,M_ID_915920cb64
3433,M_ID_b898d44822
3434,M_ID_628318dd40
3435,M_ID_b3f1c6b627
3436,M_ID_aea9eac60a
3437,M_ID_79e9e28c5c
3438,M_ID_ff0ad1fd7f
3439,M_ID_027c9cf2ea
3440,M_ID_9a4e9fe4c3
3441,M_ID_99b657f67d
3442,M_ID_4c8b1ff5f3
3443,M_ID_febccd2f3a
3444,M_ID_dc4aa33756
3445,M_ID_20b3f9c486
3446,M_ID_dbcb926e75
3447,M_ID_077de231ac
3448,M_ID_4c09c204da
3449,M_ID_d406f2428d
3450,M_ID_c06abb1675
3451,M_ID_adce8bf304
3452,M_ID_0a83758dbc
3453,M_ID_7080c7aef0
3454,M_ID_0f5ba6f68b
3455,M_ID_b630db9ac4
3456,M_ID_8b8dc8be50
3457,M_ID_e7082864d8
3458,M_ID_bc5975dd30
3459,M_ID_24532b717e
3460,M_ID_672328388f
3461,M_ID_99e50bfa26
3462,M_ID_9ca7f2c546
3463,M_ID_9a53da94f4
3464,M_ID_f713062fed
3465,M_ID_707686757d
3466,M_ID_3b4426fba0
3467,M_ID_a02750a8bf
3468,M_ID_990bae29d1
3469,M_ID_ea60b32bc1
3470,M_ID_5ba4c42263
3471,M_ID_49a84a0f5c
3472,M_ID_7cb3f52e01
3473,M_ID_d9870df6c9
3474,M_ID_672183a079
3475,M_ID_842a9419de
3476,M_ID_334a1eb614
3477,M_ID_f1c9e8e88a
3478,M_ID_96f8b215c1
3479,M_ID_4be2bc587b
3480,M_ID_b5efbc4e64
3481,M_ID_cebb38f04f
3482,M_ID_e1e92def4b
3483,M_ID_831ff0eb66
3484,M_ID_ee5fa5428d
3485,M_ID_be23b3219d
3486,M_ID_e05b996dc7
3487,M_ID_331f7cfcd0
3488,M_ID_2e2fa5af70
3489,M_ID_5efd30c9b2
3490,M_ID_e2a365a0b4
3491,M_ID_eb0d33be11
3492,M_ID_317b9dacd1
3493,M_ID_96aed3dba5
3494,M_ID_8db0ebed4c
3495,M_ID_5754e26612
3496,M_ID_df8d11287b
3497,M_ID_823db032a9
3498,M_ID_86d9c2c515
3499,M_ID_1e5450ae94
3500,M_ID_53db89cc90
3501,M_ID_2e992287f9
3502,M_ID_6e9db0601c
3503,M_ID_53bb95782f
3504,M_ID_8236c6c88d
3505,M_ID_0326aa4129
3506,M_ID_bb56ee6623
3507,M_ID_0fba820d2d
3508,M_ID_07a5671b4c
3509,M_ID_6a4dafc477
3510,M_ID_ec714ca2d8
3511,M_ID_e8282afa0c
3512,M_ID_a41e3ed3a9
3513,M_ID_9619863175
3514,M_ID_54c7c15df0
3515,M_ID_6e72e16122
3516,M_ID_0fd54f37c3
3517,M_ID_6e9ed3ed90
3518,M_ID_9dfe6b2335
3519,M_ID_8ffcd125da
3520,M_ID_b4682e9b88
3521,M_ID_0bed906492
3522,M_ID_e08db87a09
3523,M_ID_a899df189d
3524,M_ID_3fcfca90b1
3525,M_ID_1fcff07d1a
3526,M_ID_8dd6afb174
3527,M_ID_6edb920496
3528,M_ID_b43e5b1b9a
3529,M_ID_28041dc31b
3530,M_ID_243ab14e3b
3531,M_ID_5e415fcd2f
3532,M_ID_1052c14431
3533,M_ID_159c197b1c
3534,M_ID_10336c52e4
3535,M_ID_2abc451d7d
3536,M_ID_8a4e7e6745
3537,M_ID_e3a3ffab34
3538,M_ID_b048d20ac4
3539,M_ID_83bfc43c9b
3540,M_ID_b794b9d9e8
3541,M_ID_f831c7a113
3542,M_ID_a550a04d0f
3543,M_ID_2a29d6724a
3544,M_ID_c3c412556f
3545,M_ID_fb2957b144
3546,M_ID_2557462c5c
3547,M_ID_461c5d8eab
3548,M_ID_d52996da56
3549,M_ID_31023e7344
3550,M_ID_f3fd159be5
3551,M_ID_160502e715
3552,M_ID_fcd9984c0e
3553,M_ID_36d314f86d
3554,M_ID_d8e25586b2
3555,M_ID_cbfec93c77
3556,M_ID_e435ca6d5b
3557,M_ID_3c8d7b0159
3558,M_ID_f2928d18b2
3559,M_ID_21f1098bb4
3560,M_ID_54d68378cd
3561,M_ID_4998dfec5a
3562,M_ID_3b51a81711
3563,M_ID_7ea4058d33
3564,M_ID_bd8c484793
3565,M_ID_b5c7bb761d
3566,M_ID_6cd9c7fd15
3567,M_ID_d68614f04b
3568,M_ID_325f9e6afd
3569,M_ID_2f2da22cab
3570,M_ID_0be1999f6d
3571,M_ID_8ffb0e4670
3572,M_ID_46d5bd2aee
3573,M_ID_63ff57a6fd
3574,M_ID_f7ab7fcd4b
3575,M_ID_d8c6249e5e
3576,M_ID_30f29d9c89
3577,M_ID_128704bac3
3578,M_ID_18c17eb92a
3579,M_ID_22c5ea952b
3580,M_ID_23adef46c5
3581,M_ID_dcdd37b4a5
3582,M_ID_4de70fc797
3583,M_ID_8889c1774d
3584,M_ID_610c1922ff
3585,M_ID_977d9072f0
3586,M_ID_9958342f93
3587,M_ID_e6e50742f6
3588,M_ID_5e4cdfc5cd
3589,M_ID_8ba6229bad
3590,M_ID_d8f1b540f0
3591,M_ID_ae565fa204
3592,M_ID_1a99d24ae8
3593,M_ID_5518688aca
3594,M_ID_7f28251f69
3595,M_ID_51052c8233
3596,M_ID_9d5e5c8c25
3597,M_ID_5200b8f0e3
3598,M_ID_330083df60
3599,M_ID_8b40948189
3600,M_ID_f79fc29027
3601,M_ID_ccca50c9c7
3602,M_ID_ad44b8d7f6
3603,M_ID_b7b7dc74af
3604,M_ID_83e17b92a5
3605,M_ID_72bc860a98
3606,M_ID_8679d59d25
3607,M_ID_02b72e48a3
3608,M_ID_b94ea1e814
3609,M_ID_bea9a8321b
3610,M_ID_67f5aceb49
3611,M_ID_fd305c18a1
3612,M_ID_6c471bda22
3613,M_ID_2deaecce6d
3614,M_ID_2f17579bbf
3615,M_ID_31a6207bad
3616,M_ID_b34a83125e
3617,M_ID_1e16426f71
3618,M_ID_1f1ae7ee53
3619,M_ID_4e6d7c2db2
3620,M_ID_272e7d9194
3621,M_ID_e516d71953
3622,M_ID_3493eaab4d
3623,M_ID_4b75ccbe4a
3624,M_ID_f5d1790d29
3625,M_ID_0e4bd63e66
3626,M_ID_39e98e78de
3627,M_ID_616f2ca947
3628,M_ID_635e43fba4
3629,M_ID_bf08fc3df6
3630,M_ID_fcd0f57f86
3631,M_ID_9a94f1e427
3632,M_ID_f5533f25a4
3633,M_ID_c576e727ed
3634,M_ID_f9f68713e7
3635,M_ID_0853e57e90
3636,M_ID_b2182e4242
3637,M_ID_cca9cd9a75
3638,M_ID_ef2a62c8ed
3639,M_ID_76c56b9d98
3640,M_ID_af7444a41b
3641,M_ID_2492226dd9
3642,M_ID_8afc06de50
3643,M_ID_855e2b1e44
3644,M_ID_c75f81bc69
3645,M_ID_d7028e2169
3646,M_ID_0fffbc2e60
3647,M_ID_a9fe5db948
3648,M_ID_3182df1b29
3649,M_ID_e0705a166f
3650,M_ID_5fc7add0c6
3651,M_ID_b16d8fcd83
3652,M_ID_19aac55fa4
3653,M_ID_fe1d7f16d4
3654,M_ID_f0e98be143
3655,M_ID_02a5326cec
3656,M_ID_6562d62ea0
3657,M_ID_a557bdc6bb
3658,M_ID_180f355542
3659,M_ID_dff8c4f20b
3660,M_ID_01b5f0c075
3661,M_ID_7a40d5427f
3662,M_ID_c70f039e18
3663,M_ID_7108ffbdd8
3664,M_ID_0adad525fd
3665,M_ID_7244b12461
3666,M_ID_199da76bac
3667,M_ID_1e1fc24f50
3668,M_ID_006e59bb1e
3669,M_ID_d0eb1f2a05
3670,M_ID_f3ef952c04
3671,M_ID_3e83812c18
3672,M_ID_c1912f16e0
3673,M_ID_22619c5eee
3674,M_ID_d209c409a0
3675,M_ID_e155fcab49
3676,M_ID_4a0ff33bd1
3677,M_ID_67aa184902
3678,M_ID_61de03de2f
3679,M_ID_3f7da4eebc
3680,M_ID_f8d312eee6
3681,M_ID_1b65e025ee
3682,M_ID_39fca324da
3683,M_ID_21fed83431
3684,M_ID_94a9649635
3685,M_ID_38b045f02c
3686,M_ID_dc9d55755f
3687,M_ID_29c82312d4
3688,M_ID_8cc9f4b8ed
3689,M_ID_d605b967d2
3690,M_ID_708df1f55d
3691,M_ID_df3870da80
3692,M_ID_2513028596
3693,M_ID_8914be92ff
3694,M_ID_4ccdafd20a
3695,M_ID_f0048443a5
3696,M_ID_87e148ca0f
3697,M_ID_b7f27baf03
3698,M_ID_2e1a625d5e
3699,M_ID_ef947a4fe4
3700,M_ID_a60eb88eb2
3701,M_ID_56d0514530
3702,M_ID_fbc1f1cc44
3703,M_ID_e6b8973a45
3704,M_ID_67b95a38f2
3705,M_ID_bdd9adb597
3706,M_ID_26530cd8c0
3707,M_ID_8374a09e3c
3708,M_ID_024a2571a2
3709,M_ID_c37e9d513a
3710,M_ID_20a02f0fef
3711,M_ID_91656665a7
3712,M_ID_1cd42a5215
3713,M_ID_25cffed138
3714,M_ID_6f4f467d61
3715,M_ID_158c33bc31
3716,M_ID_96c048866d
3717,M_ID_aba20c9dcc
3718,M_ID_1c2687cb55
3719,M_ID_08ecc379eb
3720,M_ID_b2f6367d6e
3721,M_ID_025e8cb32b
3722,M_ID_05886b50ff
3723,M_ID_1c92ebfab1
3724,M_ID_0ca604ee88
3725,M_ID_e566468adc
3726,M_ID_8ea7b1989c
3727,M_ID_4dcbf2fe85
3728,M_ID_9e31cf9e9c
3729,M_ID_fb1648b5ee
3730,M_ID_e18eb5970d
3731,M_ID_16a14846f1
3732,M_ID_addfe324f2
3733,M_ID_1b7fede8c8
3734,M_ID_c492a50b0d
3735,M_ID_be34929193
3736,M_ID_3f8fd20e8d
3737,M_ID_b14623dda4
3738,M_ID_9fb6bf544b
3739,M_ID_786ad1f352
3740,M_ID_3a586c1162
3741,M_ID_be8585beea
3742,M_ID_f049c5f410
3743,M_ID_8fc7fc1dee
3744,M_ID_403f599cb6
3745,M_ID_cd5892784d
3746,M_ID_0107ab0421
3747,M_ID_7a5257040d
3748,M_ID_380d35e482
3749,M_ID_06a2f42345
3750,M_ID_76ab59f551
3751,M_ID_14dbaf6d26
3752,M_ID_6a7a366e12
3753,M_ID_c479425a3f
3754,M_ID_7e85ef0f60
3755,M_ID_c5945fc163
3756,M_ID_cf5bb1508f
3757,M_ID_83396bd206
3758,M_ID_d5546f343a
3759,M_ID_b897f8f268
3760,M_ID_5194331b03
3761,M_ID_cf54b15028
3762,M_ID_58ae764ac0
3763,M_ID_0d3111c869
3764,M_ID_f36b8c4dce
3765,M_ID_209a7acbba
3766,M_ID_739ddd73cc
3767,M_ID_0f510737bd
3768,M_ID_24fb169d3d
3769,M_ID_1edf1376f6
3770,M_ID_0686a8957b
3771,M_ID_d212698811
3772,M_ID_d8021ac447
3773,M_ID_3cc464117f
3774,M_ID_063729442d
3775,M_ID_a7a821d5cf
3776,M_ID_8d50fc684b
3777,M_ID_d49d4e67c4
3778,M_ID_1249f758d1
3779,M_ID_f66a07896e
3780,M_ID_1d044c3d10
3781,M_ID_9e19b2c6df
3782,M_ID_86f3476581
3783,M_ID_9d665899f9
3784,M_ID_b3b5acf367
3785,M_ID_83a3b5bcea
3786,M_ID_2171de2648
3787,M_ID_2c7553fac1
3788,M_ID_0b95817762
3789,M_ID_f85645134b
3790,M_ID_9a1e12c39f
3791,M_ID_fe258ec157
3792,M_ID_bf9c165980
3793,M_ID_64a3bf06e2
3794,M_ID_aaeac92a0e
3795,M_ID_6b1b072840
3796,M_ID_21466f2b3a
3797,M_ID_9c4e9ed466
3798,M_ID_24f256a2cc
3799,M_ID_5859d6be4e
3800,M_ID_933147c6c3
3801,M_ID_af5dc1f275
3802,M_ID_b7a252616c
3803,M_ID_dfae9495ed
3804,M_ID_21f35dff33
3805,M_ID_56fc8018d7
3806,M_ID_847ecaa597
3807,M_ID_993a7c50c4
3808,M_ID_eac7974cd4
3809,M_ID_0b4adc64cb
3810,M_ID_3ac6a8ba29
3811,M_ID_306d28f4d5
3812,M_ID_7a322b255a
3813,M_ID_abd0e78635
3814,M_ID_968557c67c
3815,M_ID_cba829a562
3816,M_ID_1651a0da6d
3817,M_ID_27fd97eb0d
3818,M_ID_492fc8bb26
3819,M_ID_37c3e4e448
3820,M_ID_3a09f00410
3821,M_ID_1c5e25a0a0
3822,M_ID_9ec198dee4
3823,M_ID_0720f1ae83
3824,M_ID_dc49a9a87e
3825,M_ID_5795fcd999
3826,M_ID_b41e412da9
3827,M_ID_7879b12058
3828,M_ID_f2b74eb7db
3829,M_ID_a0f678c22e
3830,M_ID_6968872b1c
3831,M_ID_b2973394cc
3832,M_ID_e8de0dd5bb
3833,M_ID_06562afaea
3834,M_ID_a06a535276
3835,M_ID_8a7525de4d
3836,M_ID_b351457f79
3837,M_ID_fea38c640b
3838,M_ID_f94201d434
3839,M_ID_523304c201
3840,M_ID_a53e1e760b
3841,M_ID_0ebba6ef07
3842,M_ID_4c4212b072
3843,M_ID_42cac324ae
3844,M_ID_3ade4d9289
3845,M_ID_41de60c0df
3846,M_ID_d5442edaf7
3847,M_ID_c505273791
3848,M_ID_4935342eac
3849,M_ID_073e2953ba
3850,M_ID_e16a0d3c52
3851,M_ID_a255e3a70c
3852,M_ID_9141533d17
3853,M_ID_93129a547d
3854,M_ID_4fd47f8bf0
3855,M_ID_8657e20fda
3856,M_ID_7fcfb6d636
3857,M_ID_68a267ee44
3858,M_ID_ba36a51187
3859,M_ID_17570cb636
3860,M_ID_1d95bb2fc0
3861,M_ID_f1145913fc
3862,M_ID_ea002cf396
3863,M_ID_1c5e41ec1e
3864,M_ID_201f382fd9
3865,M_ID_bd76bacfa0
3866,M_ID_84c3382d8e
3867,M_ID_f905c46db5
3868,M_ID_62477c727b
3869,M_ID_8fa5c30e66
3870,M_ID_8dad05d662
3871,M_ID_b1cd16d48f
3872,M_ID_bcdaff2955
3873,M_ID_593d8b9cd8
3874,M_ID_f470e298c4
3875,M_ID_a64a70a72d
3876,M_ID_49daf8a838
3877,M_ID_62c712e738
3878,M_ID_457170fcca
3879,M_ID_2472c96c95
3880,M_ID_4a587cdd49
3881,M_ID_bd9f84aea2
3882,M_ID_f08c959f3a
3883,M_ID_4394f9cb79
3884,M_ID_95aa51da07
3885,M_ID_d240ef9a4b
3886,M_ID_9efd27c08e
3887,M_ID_10f4c86578
3888,M_ID_802b2c6a9d
3889,M_ID_377ac90cc5
3890,M_ID_069e6ff8cb
3891,M_ID_1f5eceab91
3892,M_ID_b184eda420
3893,M_ID_6a4440c250
3894,M_ID_a8b9ab15a1
3895,M_ID_6708aa518a
3896,M_ID_1ace8b62be
3897,M_ID_4c9403b346
3898,M_ID_ea347cf71f
3899,M_ID_a5c154f011
3900,M_ID_64e0a948f1
3901,M_ID_c28c68c559
3902,M_ID_f4e3282589
3903,M_ID_8698976e46
3904,M_ID_e148b1e4f4
3905,M_ID_7154eb563f
3906,M_ID_5ab1d8329f
3907,M_ID_23cc9f5061
3908,M_ID_33209a1db3
3909,M_ID_02fd5d32a9
3910,M_ID_dfa99f7ad5
3911,M_ID_7498e84440
3912,M_ID_792fbd31a4
3913,M_ID_5c90aa2be3
3914,M_ID_35d8b768bd
3915,M_ID_836aabe750
3916,M_ID_1a74fefa95
3917,M_ID_6004b2abad
3918,M_ID_3cd93cb1c6
3919,M_ID_48331ab336
3920,M_ID_bdf0b99954
3921,M_ID_a8369d5e0a
3922,M_ID_357fbda851
3923,M_ID_e40568757a
3924,M_ID_291013f6e1
3925,M_ID_dfd91bf418
3926,M_ID_b3e3767706
3927,M_ID_f5f224656c
3928,M_ID_8edc538b7f
3929,M_ID_ec8f4ad5bd
3930,M_ID_7ea6943d41
3931,M_ID_bedf2a782c
3932,M_ID_c670c02388
3933,M_ID_e226452620
3934,M_ID_ee1985a07f
3935,M_ID_7c897391fb
3936,M_ID_afaa194442
3937,M_ID_a0de94db68
3938,M_ID_b6785292f8
3939,M_ID_4828980396
3940,M_ID_87484570e7
3941,M_ID_de9e782b9d
3942,M_ID_5e327fa522
3943,M_ID_39dca989e4
3944,M_ID_e163b34865
3945,M_ID_733be889b5
3946,M_ID_192efc1713
3947,M_ID_8ddb1ff425
3948,M_ID_6d70ad6145
3949,M_ID_8c9c16c3da
3950,M_ID_a06508952e
3951,M_ID_bb5597c408
3952,M_ID_713592d697
3953,M_ID_319a468f34
3954,M_ID_52926dae53
3955,M_ID_f850e3372c
3956,M_ID_e0631a66c8
3957,M_ID_4738238027
3958,M_ID_2a108c41f3
3959,M_ID_fdb62d1612
3960,M_ID_84ea85e82a
3961,M_ID_1655571cf0
3962,M_ID_9b70962321
3963,M_ID_bdb3ebc88b
3964,M_ID_2bee9bf445
3965,M_ID_a95ddf1c3b
3966,M_ID_a346f0c2b7
3967,M_ID_dd5ef808f0
3968,M_ID_7ca85e4eed
3969,M_ID_1a4ca299b6
3970,M_ID_0995509b52
3971,M_ID_d053f38dbd
3972,M_ID_6f10ecc4a4
3973,M_ID_6c2e4538f5
3974,M_ID_902971464d
3975,M_ID_ec04d9292f
3976,M_ID_d3ee0fe63a
3977,M_ID_cee8bdd43d
3978,M_ID_9df2c54f0f
3979,M_ID_e4fbd4a1b5
3980,M_ID_330a7000e6
3981,M_ID_ec1588f600
3982,M_ID_b8c8ef9d3b
3983,M_ID_f77024ff97
3984,M_ID_5f4e20bb26
3985,M_ID_3c70098724
3986,M_ID_b9ffd1cc7a
3987,M_ID_b7ddb6ba3f
3988,M_ID_96801e164b
3989,M_ID_93b1617a8a
3990,M_ID_556ee9b870
3991,M_ID_176cc705b1
3992,M_ID_31940c9a1e
3993,M_ID_d292d1f0bf
3994,M_ID_5514650024
3995,M_ID_3e43523032
3996,M_ID_4d52585b75
3997,M_ID_e8cff1ecfe
3998,M_ID_31285ad048
3999,M_ID_6305e5a2e5
4000,M_ID_16990a19b4
4001,M_ID_d7f0ad4250
4002,M_ID_ec14101044
4003,M_ID_8959f7f5bc
4004,M_ID_1df45df729
4005,M_ID_402a3059f7
4006,M_ID_5a03bf9638
4007,M_ID_3043aa36e2
4008,M_ID_61d459aa20
4009,M_ID_7506b710f4
4010,M_ID_e92f856a7d
4011,M_ID_75c985370e
4012,M_ID_ad33fdca26
4013,M_ID_1992fa6a13
4014,M_ID_f7452d7c78
4015,M_ID_625787bbe6
4016,M_ID_95c30a93b1
4017,M_ID_da1bd982e5
4018,M_ID_b85cf3beba
4019,M_ID_50ef394ac6
4020,M_ID_e4de10d27b
4021,M_ID_ac2768d48e
4022,M_ID_47b2264573
4023,M_ID_b8e7fd1de8
4024,M_ID_a0cd873af1
4025,M_ID_db0880287c
4026,M_ID_34f5e42fb5
4027,M_ID_8f1d49db0e
4028,M_ID_9d74d35aff
4029,M_ID_ac2b3b8002
4030,M_ID_e0d5865a03
4031,M_ID_7b3374cb39
4032,M_ID_7f30cfb2ef
4033,M_ID_3f01ebe4fc
4034,M_ID_acea60aa57
4035,M_ID_394a893e78
4036,M_ID_410608f84f
4037,M_ID_6eb641dd04
4038,M_ID_5446995129
4039,M_ID_abf5620dfe
4040,M_ID_e071c8a512
4041,M_ID_3797719461
4042,M_ID_4033d0c0b7
4043,M_ID_e22115e427
4044,M_ID_4b13f77d7d
4045,M_ID_27007accc8
4046,M_ID_3281a266d0
4047,M_ID_2f5527d68d
4048,M_ID_0207c99a56
4049,M_ID_696e0b91e4
4050,M_ID_ebf7c287a7
4051,M_ID_ae505a11cc
4052,M_ID_8a7eb2203b
4053,M_ID_85d6448bea
4054,M_ID_4a4bab63d4
4055,M_ID_9ab743b82e
4056,M_ID_8a8b8b61f9
4057,M_ID_53f14bdebe
4058,M_ID_337d51eeb2
4059,M_ID_7c783e638e
4060,M_ID_e165095bb2
4061,M_ID_49912214a7
4062,M_ID_7eb9109529
4063,M_ID_94f8e07239
4064,M_ID_fda498d3d0
4065,M_ID_262fe8c279
4066,M_ID_e29cf8b9a9
4067,M_ID_92d7d70831
4068,M_ID_15adbb660f
4069,M_ID_e340d96dca
4070,M_ID_3b34102bca
4071,M_ID_fba73970da
4072,M_ID_5b65bf86d8
4073,M_ID_6bbcbc4689
4074,M_ID_b4e21e53c6
4075,M_ID_734898025e
4076,M_ID_af49256302
4077,M_ID_5a042c04ac
4078,M_ID_1228cb806a
4079,M_ID_4f7f38270b
4080,M_ID_67b52bb574
4081,M_ID_b2d63817eb
4082,M_ID_263d1f3cfb
4083,M_ID_a41727ba81
4084,M_ID_e4ae0f53b5
4085,M_ID_d882988249
4086,M_ID_90072eda78
4087,M_ID_e61304e52f
4088,M_ID_00f88a545a
4089,M_ID_f938b7e326
4090,M_ID_21b2347130
4091,M_ID_cecf684d51
4092,M_ID_46fa4261d8
4093,M_ID_88a399763c
4094,M_ID_dab024adcf
4095,M_ID_2a13a4013e
4096,M_ID_de9697fcef
4097,M_ID_f58e9f8a9f
4098,M_ID_043b31d3f5
4099,M_ID_3121097628
4100,M_ID_1cc0f7e58e
4101,M_ID_ce104f94da
4102,M_ID_84e52ee62c
4103,M_ID_0ffef39d33
4104,M_ID_608eb06505
4105,M_ID_322bb018dd
4106,M_ID_cb6ab5fd1d
4107,M_ID_1ae2434f8c
4108,M_ID_48a1ec2ece
4109,M_ID_3d2a89320b
4110,M_ID_22911edabe
4111,M_ID_504680d8ef
4112,M_ID_acf55f6a4a
4113,M_ID_475c4d1207
4114,M_ID_848ee45aae
4115,M_ID_ea246b6475
4116,M_ID_e778b9bbd6
4117,M_ID_08c2206aa9
4118,M_ID_774af59d23
4119,M_ID_2214f80709
4120,M_ID_4d3298b138
4121,M_ID_bffff7cbd8
4122,M_ID_573fb3bbc0
4123,M_ID_d10b2e5c38
4124,M_ID_c26b296ae2
4125,M_ID_9aafabdf83
4126,M_ID_d14f4e0e06
4127,M_ID_5740c1f013
4128,M_ID_59f9087804
4129,M_ID_cee4310c46
4130,M_ID_005c8be529
4131,M_ID_5e75ca6cdd
4132,M_ID_d5bf38cb58
4133,M_ID_dd990b0adf
4134,M_ID_3c02181404
4135,M_ID_e8b4fb7c67
4136,M_ID_b622aecb6b
4137,M_ID_c6c44327c0
4138,M_ID_53ed312502
4139,M_ID_5016122fd9
4140,M_ID_ead9c0cc5c
4141,M_ID_508473c277
4142,M_ID_0c60356715
4143,M_ID_0859db7eb6
4144,M_ID_dcec962956
4145,M_ID_010b889b63
4146,M_ID_cf55d2e6aa
4147,M_ID_c03391eb63
4148,M_ID_3ae47efc3a
4149,M_ID_034a386858
4150,M_ID_59cd76a4f2
4151,M_ID_f301c1e62c
4152,M_ID_ba09f7244f
4153,M_ID_0b81b41d0e
4154,M_ID_1badac51bd
4155,M_ID_88ce54eaec
4156,M_ID_12fc137106
4157,M_ID_0db7daab24
4158,M_ID_38c7a25cf1
4159,M_ID_e87b115f45
4160,M_ID_7536a9feaa
4161,M_ID_ca67056ae6
4162,M_ID_48c0a94629
4163,M_ID_776735c554
4164,M_ID_24e46446ba
4165,M_ID_6784da721d
4166,M_ID_4607fccd7c
4167,M_ID_b0c66391c8
4168,M_ID_a18a463448
4169,M_ID_5ecf6bcc9f
4170,M_ID_27d3c5150d
4171,M_ID_b4211d3525
4172,M_ID_cb291c5889
4173,M_ID_913504ce86
